"","Ô..FIPS","State","County","PCT_LACCESS_POP15","GROCPTH14","SNAPSPTH16","FFRPTH14","FSRPTH14","PCT_SNAP16","METRO13","MEDHHINC15","POVRATE15","PCT_DIABETES_ADULTS13","PCT_OBESE_ADULTS13","X2010.Census.Population"
"310",9003,"CT","Hartford",28.9916047,0.272833065,0.78880025,0.667049004,0.873065808,11.95223646,1,69260,11.1,9.6,26.8,894014
"190",6007,"CA","Butte",21.18106548,0.205136438,0.90215577,0.66446368,0.62432829,10.96172519,1,45369,21.4,10.2,25.9,220000
"629",17067,"IL","Hancock",38.44182571,0.215470804,1.067106116,0.538677009,0.269338505,14.36481192,0,48213,12.7,11.2,28.6,19104
"805",19031,"IA","Cedar",20.1340462,0.162946065,0.925725227,0.488838195,0.706099614,12.08335234,0,60120,7.3,10.6,32.4,18499
"2707",48367,"TX","Parker",17.56199592,0.064954045,0.417822277,0.682017473,0.511513104,13.51433657,1,67545,9.4,10.5,29,116927
"343",12047,"FL","Hamilton",22.07153521,0.142369021,1.473899218,0.498291572,0.213553531,15.6503653,0,33497,31.8,13,33.2,14799
"1178",23001,"ME","Androscoggin",12.05021641,0.20476545,1.256378957,0.707371556,0.716679077,14.32685007,1,48930,15,11.2,33.2,107702
"2525",48003,"TX","Andrews",33.9238162,0.0572181,0.595908408,0.57218058,0.57218058,13.51433657,0,72184,10.4,8.8,28.1,14786
"1522",29077,"MO","Greene",18.08842104,0.143424344,0.745320817,0.930509156,0.871040526,12.8651075,1,43885,17.7,8.8,32,275174
"185",5147,"AR","Woodruff",5.258680661,0.289435601,1.443055765,0.578871201,0.289435601,13.64746166,0,31013,25.8,14.7,35.8,7260
"143",5063,"AR","Independence",15.18071304,0.162342055,0.809388004,0.568197191,0.730539246,13.64746166,0,38241,18,13.1,37.2,36647
"1926",37071,"NC","Gaston",28.29086288,0.15156754,1.00745896,0.776783642,0.57311476,15.44057095,1,45031,17.3,13.7,33.3,206086
"1376",27123,"MN","Ramsey",21.88272458,0.202757883,0.6171595,0.696510875,0.657085731,8.677720386,1,57299,15.1,8.2,25.8,508640
"367",12093,"FL","Okeechobee",47.83019433,0.306521239,1.076962511,0.434238422,0.664129352,15.6503653,0,35787,23.2,11.6,31,39996
"1766",33003,"NH","Carroll",1.82393951,0.337559864,0.948071081,0.970484609,2.2363341,7.310635716,0,54351,9.6,10.1,25.2,47818
"1366",27103,"MN","Nicollet",31.84378676,0.0604357,0.59568131,0.574139546,0.392832321,8.677720386,1,58839,10.7,7.7,29.9,32727
"155",5087,"AR","Madison",24.26352701,0.254129606,0.580720093,0.190597205,0.698856417,13.64746166,1,41007,18.8,11.8,34,15717
"2215",41013,"OR","Crook",16.87106709,0.190494333,1.000590755,0.428612249,0.619106582,17.72200324,0,45046,15.9,12.5,25.7,20978
"1105",21223,"KY","Trimble",5.848666724,0,0.696055684,0.227634874,0.113817437,14.4939772,1,48392,15.7,12.8,34,8809
"2832",51023,"VA","Botetourt",34.99392807,0.151057402,0.674570933,0.574018127,0.664652568,9.731570193,1,62591,7.4,11.1,25.6,33148
"292",8093,"CO","Park",53.86319785,0.244723157,0.174764069,0.305903946,0.917711838,8.549519948,1,63319,9.2,6.7,20.5,16206
"2750",48453,"TX","Travis",26.18894895,0.128567644,0.52731138,0.774880662,0.823527879,13.51433657,1,65244,13.2,6.4,20.3,1024266
"1447",28091,"MS","Marion",29.3495633,0.193289006,1.376183121,0.811813824,0.541209216,18.56717545,0,34742,24.2,13.6,34.2,27088
"240",6107,"CA","Tulare",13.49685752,0.266260438,1.019140512,0.497601474,0.449587296,10.96172519,1,42637,27.2,8,32.6,442179
"47",1093,"AL","Marion",6.269273851,0.099104754,0.880614263,0.561593604,0.660698358,16.97643575,0,34977,19.8,18.7,35.5,30776
"2272",42055,"PA","Franklin",17.58115201,0.202757502,0.640229833,0.647515894,0.634434764,14.55564736,1,56975,9.4,11.4,32.2,149618
"65",1129,"AL","Washington",8.411904598,0.118807176,0.934988462,0.178210764,0.356421528,16.97643575,0,42658,22.4,17.8,40.2,17581
"2698",48349,"TX","Navarro",24.73854787,0.124494242,0.913656067,0.663969291,0.456478888,13.51433657,0,41047,19.6,10.1,28.4,47735
"2255",42021,"PA","Cambria",25.71912112,0.203293352,0.878905284,0.740568641,0.631661488,14.55564736,1,43786,14.9,13.1,28.9,143679
"1886",36115,"NY","Washington",11.05543322,0.160328352,0.796925566,0.529083563,0.721477586,15.01708585,1,51188,13.3,11,31.9,63216
"1517",29067,"MO","Douglas",26.90447063,0.147645061,0.804761192,0.295290123,0.516757714,12.8651075,0,32979,23.1,11.9,32.5,13684
"609",17027,"IL","Clinton",15.17154384,0.237736746,1.013809006,0.475473492,0.977362179,14.36481192,1,64030,8.5,8.7,29.5,37762
"2979",53049,"WA","Pacific",33.941696,0.437721901,1.200056473,0.583629201,1.604980303,13.76915477,0,41088,18.8,12.6,31.6,13001
"2468",47079,"TN","Henry",19.0529408,0.124208173,1.018776437,0.589988821,0.745249037,16.30435077,0,38328,19.1,14,33.7,32330
"3129",56017,"WY","Hot Springs",8.190977473,0.207641196,1.068604403,1.03820598,1.661129568,5.81775266,0,46021,11.9,11,27,8569
"130",5037,"AR","Cross",13.33571765,0.174145237,1.16902428,0.696580949,0.406338887,13.64746166,0,39132,21.5,13.6,37.9,17870
"476",13179,"GA","Liberty",42.58842373,0.092027363,1.122742528,0.659529433,0.414123133,16.41494763,1,39612,20.3,10.4,34.9,63453
"2816",50019,"VT","Orleans",14.00368782,0.480023632,1.62242986,0.443098737,0.738497895,12.51148746,0,42884,13.3,9.3,28.5,27231
"2853",51067,"VA","Franklin",14.86847764,0.070974839,0.8204177,0.461336456,0.532311296,9.731570193,1,49117,13.1,11.1,28.4,56159
"806",19033,"IA","Cerro Gordo",16.5549346,0.231192491,0.874545314,0.878531465,1.063485458,12.08335234,0,50208,12.3,10.4,33.2,44151
"802",19025,"IA","Calhoun",2.735491197,0.4054328,0.9733225,0.4054328,0.709507399,12.08335234,0,49206,12.5,10.7,32.4,9670
"2554",48061,"TX","Cameron",24.6209433,0.08563436,0.937891117,0.570895735,0.573274468,13.51433657,1,34044,32,9.3,33.2,406220
"2582",48117,"TX","Deaf Smith",18.63656526,0.1041938,0.845282351,0.573065903,0.468872102,13.51433657,0,45713,19.4,8.7,29.4,19372
"1386",27143,"MN","Sibley",1.591492183,0.268132457,0.601380365,0.268132457,0.469231801,8.677720386,1,57052,8.9,8.9,33.3,15226
"1908",37035,"NC","Catawba",21.46750204,0.200603104,1.159515698,0.808883482,0.828296686,15.44057095,1,41745,15.1,13.5,29.5,154358
"1833",36009,"NY","Cattaraugus",7.362148129,0.254452926,0.714497213,0.623409669,0.992366412,15.01708585,0,40933,18,9.3,28.1,80317
"1109",21231,"KY","Wayne",12.45831572,0.097627648,0.998223569,0.585765889,0.341696769,14.4939772,0,29826,28,14.2,37.1,20813
"2635",48223,"TX","Hopkins",16.77241145,0.083516606,0.643315018,0.389744161,0.668132847,13.51433657,0,43284,15.9,10.5,30.5,35161
"652",17113,"IL","McLean",27.41969734,0.160863146,0.694049732,0.729629268,0.695158594,14.36481192,1,65766,11.7,7,29.3,169572
"1204",24023,"MD","Garrett",3.258577783,0.202163146,1.163976211,0.84234644,0.943428013,12.14795044,0,46469,13.6,12.2,30.6,30097
"980",20183,"KS","Smith",37.37019274,0.7959671,1.170154185,0.7959671,1.061289467,8.597012543,0,43872,12.2,10.6,34.1,3853
"699",18003,"IN","Allen",30.36175736,0.136642636,0.782028992,0.655884652,0.702343148,10.90555134,1,50017,14.6,10.3,30.1,355329
"1500",29033,"MO","Carroll",18.50192755,0.221165542,1.009761023,0.331748314,0.995244941,12.8651075,0,43638,15.7,11.2,35.4,9295
"2323",45013,"SC","Beaufort",32.23083018,0.176284603,0.67795438,0.59709301,1.580874827,15.46667193,1,60071,12.9,9.8,22,162233
"2577",48107,"TX","Crosby",4.805601238,0.508560773,1.668891856,0.169520258,0.169520258,13.51433657,1,34562,22.8,9.8,27.8,6059
"2403",46083,"SD","Lincoln",9.033120184,0.116396368,0.469686121,0.310390316,0.387987895,11.06436622,1,77540,4.3,6.6,28.7,44828
"2948",51775,"VA","Salem",42.05700151,0.235451085,1.197046199,1.177255425,1.25573912,9.731570193,1,47600,10.2,9.3,25.2,23746
"934",20091,"KS","Johnson",17.29923408,0.132341469,0.43473847,0.722654073,0.778376797,8.597012543,1,83007,5.5,7.5,24.8,544179
"153",5083,"AR","Logan",9.26025399,0.091082977,0.734214391,0.592039348,0.409873395,13.64746166,0,37924,20.5,13.8,37.5,22353
"7",1013,"AL","Butler",6.226804584,0.147812377,1.291795846,0.837603469,0.492707923,16.97643575,0,33868,25.8,17.7,36.3,20947
"2705",48363,"TX","Palo Pinto",37.81762715,0.213553531,1.099110018,0.960990888,0.960990888,13.51433657,0,42932,18.6,12,29.4,28111
"1651",30105,"MT","Valley",39.13095181,0.392670157,0.79586152,1.570680628,1.178010471,11.29944749,0,46698,12.1,9.8,29.2,7369
"2656",48265,"TX","Kerr",29.91456265,0.098888493,0.792818681,0.771330248,0.791107947,13.51433657,0,47389,14.3,13.4,26.7,49625
"2701",48355,"TX","Nueces",32.58506206,0.084217382,0.796780591,0.850595557,0.788836144,13.51433657,1,50188,19.9,9.9,33.6,340223
"2018",38055,"ND","McLean",55.1663313,0.313217791,0.513927433,0.10440593,1.044059303,7.195442455,0,62480,10,10.4,33.4,8962
"2326",45019,"SC","Charleston",19.35422373,0.267705996,0.879186382,0.876605908,1.385772214,15.46667193,1,56244,14.9,11.1,24.6,350209
"2806",49057,"UT","Weber",25.2075634,0.141386839,0.487760543,0.602973282,0.544755172,7.223609465,1,58786,12.4,8.3,28.4,231236
"1889",36121,"NY","Wyoming",22.84578559,0.19423133,0.504604774,0.582693989,0.606972905,15.01708585,0,52796,13.3,8.1,25.6,42155
"746",18097,"IN","Marion",24.24301532,0.174472808,0.836052296,0.890560593,0.737495491,10.90555134,1,41407,20.6,10.5,32.4,903393
"2784",49013,"UT","Duchesne",27.66425488,0.245338567,0.647424235,0.588812561,0.539744848,7.223609465,0,63149,11,8,27.6,18607
"228",6083,"CA","Santa Barbara",13.58769679,0.301814518,0.521101822,0.739785961,0.896366426,10.96172519,1,63049,15.6,7.1,18.2,423895
"162",5101,"AR","Newton",43.85444144,0.506072874,0.987063172,0.126518219,0.632591093,13.64746166,0,33679,24.2,12.8,34.2,8330
"812",19045,"IA","Clinton",20.89009633,0.14567855,0.8842574,0.520280535,0.728392749,12.08335234,0,52945,13.4,12.1,33.4,49116
"589",16075,"ID","Payette",23.89951534,0.218952531,0.799820493,0.525486075,0.306533544,10.90800528,0,44499,15.7,9.2,33.3,22623
"1615",30033,"MT","Garfield",55.3010247,0.76394194,0.763358779,0,0.76394194,11.29944749,0,45987,14.2,8.3,25.9,1206
"1205",24025,"MD","Harford",21.74732214,0.143939545,0.576619714,0.659722916,0.483796805,12.14795044,1,77992,7.8,9.4,27.9,244826
"3038",54089,"WV","Summers",11.35051821,0.14906462,1.262430081,0.372661549,0.372661549,19.421201,0,35676,26.4,15.3,36.1,16895
"816",19053,"IA","Decatur",9.852791409,0.242042842,1.248822831,0.605107104,0.242042842,12.08335234,0,39424,21.7,9.7,33.1,8457
"596",17001,"IL","Adams",15.41878121,0.149280468,0.720958875,0.477697498,0.850898668,14.36481192,0,47264,13.4,10.1,37,67103
"889",20001,"KS","Allen",39.96050759,0.154930669,1.147029521,0.387326671,0.697188008,8.597012543,0,41604,18.9,10.9,34.2,13371
"60",1119,"AL","Sumter",16.74435355,0.227859638,1.597648262,0.53167249,0.455719277,16.97643575,0,25931,33.2,20.1,40.3,13763
"672",17153,"IL","Pulaski",20.84293692,0.515907137,1.794506733,0.343938091,0.343938091,14.36481192,0,35135,24.7,12.1,27.3,6161
"1077",21167,"KY","Mercer",22.11440431,0.140719546,0.841986001,0.562878184,0.515971668,14.4939772,0,46346,15.1,12.2,35.8,21331
"177",5131,"AR","Sebastian",10.27424568,0.149870638,0.92336826,0.757241118,0.788792831,13.64746166,1,41452,22.1,12.9,36.9,125744
"783",18171,"IN","Warren",4.737309206,0.239463602,0.408196587,0,0.359195402,10.90555134,0,57768,10.2,12.2,32.1,8508
"291",8091,"CO","Ouray",6.164991947,0.64808814,0.617665225,1.29617628,3.88852884,8.549519948,0,60402,9.4,6.7,18.6,4436
"1012",21037,"KY","Campbell",30.39513197,0.185118639,0.730209339,0.773142552,0.816699879,14.4939772,1,51694,14.4,10.9,31.6,90336
"2646",48245,"TX","Jefferson",23.14283633,0.166511388,0.968539482,0.705691121,0.54314429,13.51433657,1,47620,16.9,10.8,33.2,252273
"1314",26165,"MI","Wexford",10.010085,0.212856535,1.067957262,0.729793833,0.851426139,14.74092241,0,42922,14.8,11.2,30.2,32735
"2238",41059,"OR","Umatilla",30.8899619,0.169480477,0.919919082,0.521478391,0.821328466,17.72200324,0,49016,19.2,9.9,31.8,75889
"1606",30015,"MT","Chouteau",71.40157345,0.33932813,0.868206286,0.169664065,1.017984391,11.29944749,0,40280,17.6,8.1,26.2,5813
"1634",30071,"MT","Phillips",26.66789706,0.477099237,0.725864989,0.477099237,1.43129771,11.29944749,0,38105,16.4,9.8,29,4253
"1610",30023,"MT","Deer Lodge",5.710188774,0.327868852,0.889745001,0.327868852,1.092896175,11.29944749,0,37979,18.1,9.9,25.9,9298
"2867",51095,"VA","James City",35.03956991,0.123995977,0.529765425,0.427097254,0.688866539,9.731570193,1,77668,7.1,10.5,25.2,67009
"1002",21017,"KY","Bourbon",15.72326654,0.150210294,1.102512897,0.650911276,0.600841178,14.4939772,1,46370,14.8,13.8,34.1,19985
"1988",37195,"NC","Wilson",3.666003141,0.233412366,1.256209615,0.663382514,0.552818761,15.44057095,0,41276,19.9,12.4,36.8,81234
"1082",21177,"KY","Muhlenberg",5.060641616,0.256352741,0.915839457,0.672925946,0.544749575,14.4939772,0,40272,19.4,12.4,37.8,31499
"2968",53027,"WA","Grays Harbor",32.51460324,0.437741817,1.233223507,0.578948855,0.833121523,13.76915477,0,44345,16,11.6,36.9,78506
"603",17015,"IL","Carroll",18.72604886,0.203873598,0.848293097,0.679578661,0.88345226,14.36481192,0,50432,10.7,12.2,28.6,15387
"3078",55059,"WI","Kenosha",24.24326207,0.172549206,0.65454495,0.654496989,0.737796606,12.44343891,1,56414,12.7,8.9,32.9,20574
"1034",21081,"KY","Grant",18.26190671,0.040201,0.896093301,0.603015075,0.522613065,14.4939772,1,45307,16.4,12.7,36.3,24662
"122",5021,"AR","Clay",10.23271954,0.264585263,0.804289544,0.595316841,0.529170525,13.64746166,0,35324,20.8,11.1,33.7,16083
"2528",48009,"TX","Archer",23.7207022,0.113494496,0.660691716,0.453977982,0.226988991,13.51433657,1,60414,9.5,10.6,27.1,9054
"498",13225,"GA","Peach",19.37555335,0.148577372,1.191146126,0.705742515,0.445732115,16.41494763,1,41725,22,13.6,34.4,27695
"1549",29131,"MO","Miller",7.799593972,0.278429657,0.912481155,0.596634979,1.073942962,12.8651075,0,40077,18.7,11.7,30.8,24748
"3087",55077,"WI","Marquette",1.73968705,0.265780731,0.66370213,0.398671096,0.930232558,12.44343891,0,48508,12,12.1,34.9,4232
"1852",36047,"NY","Kings",0.015700271,0.926465209,1.242702014,0.76054822,0.735756027,15.01708585,1,51026,22.3,10.3,22.7,2504700
"1518",29069,"MO","Dunklin",20.94100126,0.414752425,1.203536925,0.446656457,0.829504849,12.8651075,0,31920,27.6,11.4,32,31953
"2400",46077,"SD","Kingsbury",52.24304056,0.78817734,0.883156702,0.197044335,0.78817734,11.06436622,0,54543,9.5,10,33.8,5148
"1016",21045,"KY","Casey",4.409284138,0.314643509,1.485931078,0.188786105,0.377572211,14.4939772,0,33576,25.1,14.4,36.4,15955
"2240",41063,"OR","Wallowa",27.05282439,0.73313783,1.079758134,0.586510264,3.079178886,17.72200324,0,44045,16.1,11.4,24.3,7008
"1254",26045,"MI","Eaton",26.86955434,0.101308725,0.748900696,0.699951188,0.653901767,14.74092241,1,56760,10.9,11.4,35.7,107759
"1439",28075,"MS","Lauderdale",20.96371308,0.150490977,1.384691231,0.827700372,0.614504822,18.56717545,0,38334,22,13.3,32.3,80261
"1621",30045,"MT","Judith Basin",60.38143151,1.004520342,1.030927835,0,1.506780512,11.29944749,0,45472,13.8,8.7,28.8,2072
"1835",36013,"NY","Chautauqua",17.72036081,0.22718151,0.839742402,0.73455355,1.029889514,15.01708585,0,43973,17.2,9.9,29.6,134905
"2141",40019,"OK","Carter",10.00731291,0.1843469,1.191064613,0.614489666,0.757870588,15.51297406,0,45287,16.3,12.5,32.3,47557
"2813",50013,"VT","Grand Isle",0.509965041,0.571918788,1.638001638,0.142979697,0.428939091,12.51148746,1,68342,8.3,7.4,26.8,6970
"3140",56039,"WY","Teton",29.17437038,0.47972089,0.388081583,1.003052769,2.398604448,5.81775266,0,83290,6.6,4.8,12.7,21118
"1464",28125,"MS","Sharkey",27.87177669,0.645577792,1.922231986,0.645577792,0.215192597,18.56717545,0,27589,34.3,17.1,37.5,4916
"2854",51069,"VA","Frederick",20.74904738,0.121393107,0.577462954,0.570547604,0.558408294,9.731570193,1,69991,7.7,9.3,31.7,78305
"193",6013,"CA","Contra Costa",19.10101116,0.176363828,0.459933852,0.579481148,0.676661217,10.96172519,1,83036,10.2,9.4,25,1049025
"1044",21101,"KY","Henderson",9.694356188,0.150644543,0.895437413,0.753222717,0.602578174,14.4939772,1,45718,17,14,32.6,46250
"1952",37123,"NC","Montgomery",1.686768741,0.182515057,1.157998395,0.657054207,0.438036138,15.44057095,0,39096,19.9,12.5,30.7,27798
"1901",37021,"NC","Buncombe",21.610247,0.223518095,0.888691908,0.878106802,1.177461393,15.44057095,1,45094,15.2,9.5,23.5,238318
"1309",26155,"MI","Shiawassee",16.48944905,0.1450684,0.762172886,0.565766759,0.493232559,14.74092241,0,50807,12.4,11.3,32.4,70648
"2058",39029,"OH","Columbiana",19.83943169,0.151391859,0.870424844,0.71911133,0.463637568,13.7918164,0,42301,14.7,12.5,33,107841
"3114",55129,"WI","Washburn",17.73686523,0.382311711,0.915985003,0.318593093,2.166433032,12.44343891,0,45043,13.5,10.5,30.8,131887
"2113",39139,"OH","Richland",25.38189218,0.180413639,0.91723297,0.787259517,0.533040298,13.7918164,1,45273,15.1,11.9,32.8,124475
"1247",26031,"MI","Cheboygan",10.80063876,0.23369036,0.905476162,0.467380721,1.518987342,14.74092241,0,41036,17.6,12.1,33.2,26152
"1218",25001,"MA","Barnstable",48.37944245,0.3489768,0.833037764,1.005053184,1.986841248,11.36341916,1,65735,7.6,8.6,19.9,215888
"2318",45003,"SC","Aiken",22.13796581,0.176021074,1.053000354,0.667666143,0.588760144,15.46667193,1,48012,18.1,12.8,31.9,160099
"1444",28085,"MS","Lincoln",20.3991511,0.115025162,1.052438471,0.805176132,0.431344357,18.56717545,0,40627,20,12.9,39.1,34869
"286",8081,"CO","Moffat",23.41601437,0.15470297,0.889973809,0.386757426,1.160272277,8.549519948,0,59173,11.7,6.3,25.8,13795
"2804",49053,"UT","Washington",26.57343443,0.125042778,0.380147066,0.763419064,0.651538684,7.223609465,1,54398,13.2,7.8,23.7,138115
"685",17179,"IL","Tazewell",43.12429892,0.125269883,0.720566531,0.803201014,0.758988114,14.36481192,1,57747,8.4,9.6,30.6,135394
"915",20053,"KS","Ellsworth",30.50288428,0.156445557,0.908659924,0.469336671,0.938673342,8.597012543,0,49986,10.6,11.7,33.3,6497
"1273",26083,"MI","Keweenaw",29.01346867,0.902119982,0.45475216,0,2.706359946,14.74092241,0,40862,13.4,12.6,30.9,2156
"2358",45083,"SC","Spartanburg",31.53598412,0.149893371,1.072823752,0.711993514,0.688146841,15.46667193,1,45768,15,12.8,30.5,284307
"405",13035,"GA","Butts",4.736413192,0.128380692,1.193125359,0.513522766,0.470729202,16.41494763,1,44166,19,11.7,28.7,23655
"2220",41023,"OR","Grant",39.80830793,0.417827298,2.374965074,0.69637883,1.671309192,17.72200324,0,43105,16.4,12.4,29.6,7445
"1023",21059,"KY","Daviess",16.48165798,0.162808446,1.030860606,0.783515645,0.681760366,14.4939772,1,48724,14.9,11.3,30.4,96656
"2668",48289,"TX","Leon",13.08960446,0.296542317,0.948995125,0.593084633,1.008243876,13.51433657,0,47740,13.8,13.8,29.5,16801
"1334",27039,"MN","Dodge",8.961171023,0.098265612,0.536428362,0.442195254,0.294796836,8.677720386,1,65494,6.9,8.3,24.9,20087
"1433",28063,"MS","Jefferson",11.31917437,0.263192525,2.078479741,0.263192525,0,18.56717545,0,26405,39.3,16.9,44.5,7726
"2608",48169,"TX","Garza",6.013705693,0.155400155,0.931387768,0.777000777,0.466200466,13.51433657,0,54606,26.8,8.3,27.5,6461
"163",5103,"AR","Ouachita",25.86857331,0.161108426,1.36940825,0.644433704,0.362493958,13.64746166,0,37987,22.8,14.8,34.8,26120
"2766",48485,"TX","Wichita",36.98982944,0.158664199,0.705411186,0.732877489,0.732877489,13.51433657,1,45430,18.9,12.3,31.1,131500
"2743",48439,"TX","Tarrant",25.63262158,0.122342394,0.624357917,0.757700374,0.613254102,13.51433657,1,60735,13.1,11,29.1,1809034
"1838",36019,"NY","Clinton",26.95282251,0.24500196,1.138891287,0.539004312,0.85750686,15.01708585,0,46747,17.5,9.9,30.3,82128
"1847",36037,"NY","Genesee",3.904069651,0.169027416,0.742393671,0.642304182,0.895845306,15.01708585,0,53771,13.4,9.3,26.8,60079
"2417",46111,"SD","Sanborn",98.87176425,0.428082192,0.41736227,0.428082192,0.856164384,11.06436622,0,49638,11.9,10.2,29.7,10149
"2028",38075,"ND","Renville",58.98544207,0.386548125,0.392156863,0.77309625,0.77309625,7.195442455,0,65651,7.6,10.8,31.6,2470
"108",4021,"AZ","Pinal",21.49236328,0.072154021,0.395621287,0.286128016,0.271199598,13.52769291,1,50888,15.8,12.3,31.6,375770
"901",20025,"KS","Clark",99.99999976,0.46641791,0.965250965,0.46641791,1.399253731,8.597012543,0,50392,12,11.8,31.2,2215
"1905",37029,"NC","Camden",4.397871903,0,0.575926281,0.096796051,0.290388152,15.44057095,0,62000,9.7,11.1,31,9980
"1877",36097,"NY","Schuyler",7.359617797,0.0541155,0.709063116,0.595270307,1.082309649,15.01708585,0,49664,12.5,10.7,30.8,18343
"1124",22021,"LA","Caldwell",9.489005226,0.303214069,0.991375037,0.404285426,0.404285426,19.48120605,0,38564,22.9,12.1,36.3,10132
"2521",47185,"TN","White",9.578332407,0.228128208,1.269400568,0.684384624,0.456256416,16.30435077,0,38649,18.2,13.6,31.2,25841
"1063",21139,"KY","Livingston",14.96892222,0.641094134,1.402524544,0.427396089,0.534245112,14.4939772,0,44551,15.3,12.3,29.7,9519
"1830",36003,"NY","Allegany",7.710938407,0.272331155,0.994824083,0.377073906,0.837942014,15.01708585,0,44331,16.8,9.3,29.6,48946
"2017",38053,"ND","McKenzie",36.89349199,0.181884322,0.462192642,0.090942161,0.909421608,7.195442455,0,82906,8.4,9.5,32.8,6360
"2286",42083,"PA","McKean",3.857971137,0.281994642,1.070442264,0.657987498,0.775485266,14.55564736,0,46039,16.9,10.4,31.9,43450
"594",16085,"ID","Valley",18.61462494,0.508854061,0.905106707,0.814166497,2.646041115,10.90800528,0,51774,10.7,8.4,24.1,9862
"2067",39047,"OH","Fayette",3.089608182,0.243055556,1.095573534,1.111111111,0.590277778,13.7918164,0,45068,16.3,13,33.4,29030
"1236",26009,"MI","Antrim",0.13893207,0.214896635,0.68052195,0.55873125,1.031503847,14.74092241,0,49118,14.2,12.9,32.2,23580
"2092",39097,"OH","Madison",28.68763687,0.113848536,0.67366821,0.500933558,0.341545608,13.7918164,1,63736,9.3,10.7,29.6,43435
"1959",37137,"NC","Pamlico",5.493146359,0.30892802,1.078959,1.081248069,0.849552054,15.44057095,1,41004,14.6,15.1,31.5,13144
"2997",54007,"WV","Braxton",19.07120854,0.207425845,1.767903623,0.553135587,0.829703381,19.421201,0,35892,23.7,15.9,32.5,24069
"3143",56045,"WY","Weston",17.16519197,0.555478406,1.220748111,0.416608804,1.527565616,5.81775266,0,60986,9.8,10,29.2,NA
"1909",37037,"NC","Chatham",4.845340551,0.189234039,0.709411292,0.465806865,0.524032723,15.44057095,1,58860,11.6,12.1,27.1,63505
"760",18125,"IN","Pike",7.711308212,0.237642586,0.610034055,0.396070976,0.554499366,10.90555134,0,47324,11.1,12.6,36.4,12845
"1998",38015,"ND","Burleigh",21.94227726,0.08839486,0.365129595,0.629813376,0.618764019,7.195442455,1,66057,9,7.5,29.1,81308
"2939",51700,"VA","Newport News",22.55357412,0.174896838,0.942756313,0.836225508,0.819828929,9.731570193,1,48127,16.8,12.7,32.3,242803
"2555",48063,"TX","Camp",10.05581898,0.237699073,0.958524391,0.55463117,0.475398146,13.51433657,0,40768,18.8,11.2,31.8,12401
"2729",48411,"TX","San Saba",30.5329736,0.53361793,0.841184388,0.711490573,1.600853789,13.51433657,0,42559,18.9,11.4,27.4,6131
"2821",51001,"VA","Accomack",5.127053747,0.333121347,1.406299005,0.545107659,1.090215318,9.731570193,0,38690,20.4,13.6,34.7,33164
"2192",40121,"OK","Pittsburg",41.57539351,0.112042307,1.267742739,0.672253843,0.649845382,15.51297406,0,43257,17,13.1,32.4,45837
"751",18107,"IN","Montgomery",14.45573114,0.209720547,0.982735375,0.707806847,0.524301368,10.90555134,0,49425,12.3,11.8,32.7,38124
"2549",48051,"TX","Burleson",12.89109994,0.231843737,1.11204955,0.695531212,0.695531212,13.51433657,1,50113,15.5,12.2,29.8,17187
"1673",31037,"NE","Colfax",26.86046607,0.571210967,1.056270405,0.380807312,0.666412795,9.12645062,0,50744,10.9,8.5,31.5,10515
"803",19027,"IA","Carroll",4.994236821,0.291800409,0.872600349,0.729501021,1.02130143,12.08335234,0,58575,8.7,8.9,30.7,20816
"1815",35035,"NM","Otero",33.20521497,0.107556621,0.601335168,0.507052641,0.460956947,22.76369944,0,38381,23,9.5,25.1,63797
"1758",32021,"NV","Mineral",84.42584937,0.222222222,1.798156889,0.444444444,0.444444444,14.93273262,0,42164,18,11.2,28,4772
"1245",26027,"MI","Cass",8.169238547,0.174391567,0.668617609,0.271275771,0.561928383,14.74092241,1,49889,14.8,12.2,35.3,52293
"1106",21225,"KY","Union",6.46755557,0.329706561,1.27688172,0.395647873,0.659413122,14.4939772,0,45239,20.7,11.6,30.7,15007
"1144",22061,"LA","Lincoln",31.78211322,0.063002709,0.69117185,0.840036122,0.609026188,19.48120605,0,38118,25.5,10.2,37.3,46735
"1789",34029,"NJ","Ocean",43.06968223,0.177383289,0.550495052,0.701005115,0.736822895,9.742132261,1,63478,10.9,11.2,28.1,576567
"1515",29063,"MO","DeKalb",37.36803669,0.078789789,0.634266233,0.315159155,0.315159155,12.8651075,1,44429,20,12.1,36.1,12892
"3060",55023,"WI","Crawford",12.75512865,0.366032211,1.056920532,0.488042948,1.037091264,12.44343891,0,44895,14.5,9.5,33.1,488073
"2600",48153,"TX","Floyd",6.404572216,0.336190956,1.014027379,1.008572869,0.840477391,13.51433657,0,36859,21.8,11.4,26.8,6446
"158",5093,"AR","Mississippi",12.613939,0.248671866,1.315123925,0.723409065,0.542556799,13.64746166,0,34888,26.3,15.9,39.8,46480
"2380",46037,"SD","Day",48.87602995,0.178954903,1.256506911,0.715819613,1.252684324,11.06436622,0,45131,14.2,11.2,30.8,5710
"123",5023,"AR","Cleburne",9.017299044,0.312085511,0.973057843,0.624171023,0.936256534,13.64746166,0,43913,15.6,13.5,31.8,25970
"884",19189,"IA","Winnebago",17.64848727,0.284117814,1.191484025,0.378823752,1.136471257,12.08335234,0,48408,10.8,9.7,28.6,10866
"1323",27017,"MN","Carlton",26.50187059,0.112451154,0.81612476,0.337353462,0.618481347,8.677720386,1,54945,10.8,9.5,30.1,35386
"2072",39057,"OH","Greene",29.23247131,0.097668172,0.562922951,0.805762422,0.598217556,13.7918164,1,61250,12.7,10.5,31.3,161573
"2022",38063,"ND","Nelson",99.99999979,1.642036125,1.576576577,0.328407225,0.985221675,7.195442455,0,48196,11.6,12.2,31.7,3126
"2605",48163,"TX","Frio",9.767570183,0.107927257,0.91000211,0.755490799,0.431709028,13.51433657,0,38809,29.3,8.6,27.5,17217
"1773",33017,"NH","Strafford",18.96062212,0.175153658,0.674236955,0.6926531,0.764306869,7.310635716,1,60931,11.4,10.5,29.1,123143
"144",5065,"AR","Izard",1.10121971,0.296603886,1.222114693,0.222452914,0.5190568,13.64746166,0,35355,19.8,15.5,33.9,13696
"2677",48307,"TX","McCulloch",32.68550247,0.121966093,1.101321586,0.975728747,1.097694841,13.51433657,0,39900,18.6,11,28.5,8283
"1588",29211,"MO","Sullivan",27.24845582,0.467945718,0.731928032,0.467945718,0.155981906,12.8651075,0,41405,17.4,11.4,35.7,6714
"2973",53037,"WA","Kittitas",21.81463624,0.258689619,0.659370867,1.128827431,1.058275716,13.76915477,0,47378,20,7.9,28.9,20318
"848",19117,"IA","Lucas",21.66354003,0.114929318,1.185382213,0.344787955,0.804505229,12.08335234,0,46933,14.7,11.6,33.8,8898
"673",17155,"IL","Putnam",10.92009169,0.343997248,1.069328106,0,1.71998624,14.36481192,0,60590,8.8,10.5,29.9,6006
"1918",37055,"NC","Dare",30.58733803,0.455788514,1.179420161,1.766180492,3.646308113,15.44057095,0,53585,10.3,9.8,27.4,33920
"941",20105,"KS","Lincoln",31.5091307,0.315756236,0.650829808,0,0.947268709,8.597012543,0,42277,12.5,10.4,31.2,3241
"2920",51540,"VA","Charlottesville",7.343022643,0.504463404,1.03562699,1.447590639,2.895181278,9.731570193,1,54876,20.7,8.3,25.9,222209
"2552",48057,"TX","Calhoun",36.16301453,0.091755746,1.157143941,0.642290223,0.963435335,13.51433657,0,50873,16.8,11.6,29.1,21381
"23",1045,"AL","Dale",27.933713,0.161668418,1.059738079,0.687090777,0.606256568,16.97643575,0,45294,18.5,14.1,36.5,50251
"1860",36063,"NY","Niagara",17.51123963,0.149865355,0.833498616,0.627561176,0.857042501,15.01708585,1,48517,15.5,9.5,30.4,216469
"2574",48101,"TX","Cottle",99.94135214,0.706713781,1.426533524,0.706713781,0.706713781,13.51433657,0,35602,21.4,12.3,27.4,1505
"1237",26011,"MI","Arenac",28.82089381,0.2605354,1.835074726,0.911873901,0.716472351,14.74092241,0,37120,20.1,14.6,34,15899
"1010",21033,"KY","Caldwell",11.00680302,0.235756385,1.19350732,0.785854617,0.785854617,14.4939772,0,39355,18.8,12.6,35,12984
"1214",24043,"MD","Washington",24.80901396,0.160456767,0.690322838,0.735426848,0.615084273,12.14795044,1,55270,12,12.8,33.8,147430
"512",13253,"GA","Seminole",5.610586278,0.690766751,1.37773579,0.460511167,0.460511167,16.41494763,0,31615,25.8,14.2,30.7,8729
"965",20153,"KS","Rawlins",28.38696095,0.773993808,1.046161894,0,0.773993808,8.597012543,0,47448,11.7,12.3,32.3,2519
"1807",35021,"NM","Harding",95.0769185,1.464128843,2.506265664,0,1.464128843,22.76369944,0,39561,14.3,10.3,22.9,695
"3035",54083,"WV","Randolph",8.874140597,0.135920351,1.238249558,0.475721227,0.917462367,19.421201,0,37185,19.8,12.7,34.8,10449
"2628",48209,"TX","Hays",16.50689872,0.0540468,0.449536199,0.708012431,0.62153763,13.51433657,1,61121,13.6,8.7,23.8,157107
"949",20121,"KS","Miami",7.642322759,0.091402108,0.467681916,0.457010542,0.700749497,8.597012543,1,62375,8.8,11,34.1,32787
"536",13301,"GA","Warren",2.087917755,0.18115942,1.546612765,0.18115942,0,16.41494763,0,32350,27.7,15.8,32,5834
"2289",42089,"PA","Monroe",29.40582542,0.120254458,0.611586734,0.63734863,0.877857547,14.55564736,1,57152,12.7,11.2,28.8,169842
"2773",48499,"TX","Wood",7.678459758,0.093344535,0.69716086,0.350042005,0.70008401,13.51433657,0,45753,16.6,11.7,30.1,41964
"828",19077,"IA","Guthrie",11.27059976,0.373064727,0.941176471,0.466330908,0.652863272,12.08335234,1,54719,10.4,9.4,35.9,10954
"98",4003,"AZ","Cochise",42.04051833,0.149080409,0.731493997,0.478626577,0.753248384,13.52769291,1,43451,16.9,10.3,26,131346
"59",1117,"AL","Shelby",24.15476247,0.125813554,0.60891075,0.682296581,0.638745736,16.97643575,1,70879,8.5,8.7,30.1,195085
"2768",48489,"TX","Willacy",13.78729352,0.0456558,1.001069846,0.36524677,0.36524677,13.51433657,0,30287,35.4,8.3,27.6,22134
"2427",46135,"SD","Yankton",27.17123763,0.0440839,0.604291947,0.793510845,0.969846588,11.06436622,0,48991,13.6,7.9,30,22438
"2154",40045,"OK","Ellis",99.54597274,0.963855422,0.735294118,0.240963855,1.204819277,15.51297406,0,57524,11.9,13,31,4151
"1145",22063,"LA","Livingston",15.40788834,0.103129995,0.869381134,0.530382833,0.324122843,19.48120605,1,58774,13.5,12.4,34.4,128026
"3104",55109,"WI","St. Croix",12.77849548,0.115261817,0.549061484,0.564782904,0.806832721,12.44343891,1,74624,5.7,7.2,26.2,61976
"2387",46051,"SD","Grant",17.81550339,0.414307416,0.839395635,0.966717304,1.38102472,11.06436622,0,51251,9.2,8.3,30.6,7356
"574",16045,"ID","Gem",30.26095138,0.0592909,0.882603973,0.592908811,0.592908811,10.90800528,1,44017,15.8,9.9,28.5,16719
"140",5057,"AR","Hempstead",29.10978336,0.134366462,0.830526986,0.492677028,0.582254669,13.64746166,0,34560,24.1,13.5,40.3,22609
"1292",26121,"MI","Muskegon",36.05377293,0.127651673,0.964007812,0.702084204,0.591839577,14.74092241,1,46709,16.1,12.4,35.8,172188
"1138",22049,"LA","Jackson",22.94566655,0.062523446,0.822368421,0.562711017,0.250093785,19.48120605,0,41029,21.1,13.6,34.8,16274
"580",16057,"ID","Latah",11.82019534,0.182239463,0.582542436,0.75499206,0.807060477,10.90800528,0,46360,19.6,6.4,24.3,37244
"1594",29223,"MO","Wayne",34.62520544,0.297353553,1.255803334,0.371691942,0.669045495,12.8651075,0,32566,24.3,13.6,36.1,13521
"809",19039,"IA","Clarke",7.917829197,0.325485516,1.298026999,0.433980688,0.650971032,12.08335234,0,49424,11.8,10.2,30.5,9286
"2273",42057,"PA","Fulton",11.11950307,0.136686714,0.683060109,0.341716785,0.273373428,14.55564736,0,49378,11.6,11.9,31.6,14845
"1649",30101,"MT","Toole",37.61004469,0.388349515,1.004621258,0.388349515,2.13592233,11.29944749,0,43879,17,8.6,26.5,5324
"605",17019,"IL","Champaign",15.77293879,0.168973558,0.683319019,0.830384342,0.849695606,14.36481192,1,50813,20.1,7.4,25.1,201081
"1607",30017,"MT","Custer",49.65681406,0.248097916,0.83864475,0.661594443,1.075090969,11.29944749,0,47510,12.2,9.9,30.6,11699
"532",13293,"GA","Upson",25.04569772,0.304692261,1.765711031,0.685557587,0.495124924,16.41494763,0,37864,22.7,11.9,32,27153
"1315",27001,"MN","Aitkin",32.35110466,0.380445121,1.016064515,0.570667681,1.268150403,8.677720386,0,43817,14.2,11.5,29.9,16202
"197",6021,"CA","Glenn",9.024179136,0.321945985,1.166102902,0.500804865,0.536576641,10.96172519,0,43584,18.5,8.4,26.7,28122
"1956",37131,"NC","Northampton",11.6530958,0.293212139,1.175,0.293212139,0.390949519,15.44057095,0,33301,26.8,16.2,38.5,22099
"2231",41045,"OR","Malheur",11.27046345,0.23057413,1.004741724,0.658783227,1.021114002,17.72200324,0,37604,24.9,8.9,28.5,31313
"106",4017,"AZ","Navajo",38.5404481,0.129508515,0.785420416,0.499532844,0.721547442,13.52769291,0,37658,28.1,13.1,30.9,107449
"2106",39125,"OH","Paulding",13.03968651,0.263310338,0.843714109,0.526620675,0.315972405,13.7918164,0,49796,10.9,12.4,29.9,19614
"1268",26073,"MI","Isabella",7.031061182,0.141610966,0.735342256,0.538121672,0.637249349,14.74092241,0,41957,26.1,8.5,30.9,70311
"2133",40003,"OK","Alfalfa",58.77694571,0.345423143,0.915279446,0.345423143,1.03626943,15.51297406,0,52551,14.6,13.2,36,5642
"782",18169,"IN","Wabash",10.47159378,0.217040804,0.881556577,0.806151556,0.651122411,10.90555134,0,48223,12,13.9,31.6,32888
"1396",27163,"MN","Washington",39.77828928,0.100287625,0.403304927,0.517484145,0.653875314,8.677720386,1,88329,5.1,8.2,26.1,238136
"206",6039,"CA","Madera",20.86425028,0.245878303,0.893682489,0.50469757,0.342935528,10.96172519,1,46593,22.6,7.9,26.5,150865
"863",19147,"IA","Palo Alto",21.81057832,0.439608748,0.681625585,0.769315309,0.989119683,12.08335234,0,48992,11.6,10.6,35.7,9421
"552",16001,"ID","Ada",17.17356616,0.098536961,0.506724801,0.720258261,0.778911214,10.90800528,1,58431,11.7,7.5,25.4,392365
"899",20021,"KS","Cherokee",12.40415851,0.19242796,0.839672034,0.529176889,0.721604849,8.597012543,0,39842,18,12.2,37,21603
"2140",40017,"OK","Canadian",23.33231896,0.084888333,0.52979033,0.617369696,0.486178636,15.51297406,1,63291,9.8,11.9,35,115541
"798",19017,"IA","Bremer",9.135243912,0.20225719,0.796435196,0.525868695,1.011285951,12.08335234,1,65295,7.8,9.4,32.4,24276
"2551",48055,"TX","Caldwell",15.17491192,0.07535795,0.536511099,0.527505652,0.477267018,13.51433657,1,46093,17.8,9.8,26.4,38066
"2125",39163,"OH","Vinton",48.16485134,0,0.812630601,0.528940608,0.075562944,13.7918164,0,41675,18.9,17,33.6,13435
"1678",31047,"NE","Dawson",32.71991098,0.166002656,0.803722504,0.705511288,0.747011952,9.12645062,0,47991,12.6,9.4,33.8,24326
"235",6097,"CA","Sonoma",15.43648065,0.277837743,0.621517218,0.589655641,1.023402333,10.96172519,1,66463,11,7.9,20.9,483878
"2892",51149,"VA","Prince George",31.08244075,0.08035786,0.446998723,0.455361209,0.401789302,9.731570193,1,63320,9.9,12.3,33.2,35725
"294",8097,"CO","Pitkin",9.146741607,0.397140588,0.211243804,1.077953024,4.368546465,8.549519948,0,76663,7,5.1,14.9,17148
"2945",51750,"VA","Radford",15.84559687,0.113340134,0.629182635,0.566700669,0.680040802,9.731570193,1,35259,32.8,6.9,29.6,204214
"30",1059,"AL","Franklin",11.55514048,0.253156546,1.027570507,0.569602228,0.506313091,16.97643575,0,38535,21.1,13.9,33.2,31704
"423",13073,"GA","Columbia",17.73272443,0.129257416,0.546512942,0.517029665,0.596020308,16.41494763,1,75232,9.3,10.4,30.3,124053
"2613",48179,"TX","Gray",20.04673813,0.130185732,0.876420975,0.520742927,0.911300122,13.51433657,0,49415,13,10.9,28.4,22535
"1939",37097,"NC","Iredell",15.27967062,0.1679916,0.810605535,0.845957702,0.809959502,15.44057095,1,55848,14.2,10.4,29.1,159437
"508",13245,"GA","Richmond",39.35568923,0.158913035,1.076138004,0.78463311,0.645584204,16.41494763,1,40821,24.3,13.5,34.1,200549
"1973",37165,"NC","Scotland",16.22842632,0.196761862,1.475428442,0.646503261,0.562176748,15.44057095,0,35447,29,13.7,36.4,36157
"15",1029,"AL","Cleburne",5.27341132,0.132625995,0.764987045,0.530503979,0.132625995,16.97643575,0,42136,18.9,12.6,30,14972
"1628",30059,"MT","Meagher",99.9999998,1.079330815,1.642036125,0.539665407,2.698327037,11.29944749,0,41391,17.3,8.9,23.9,1891
"304",8117,"CO","Summit",18.48540752,0.374098762,0.502074142,1.632430962,4.013059448,8.549519948,0,69633,8.7,4.1,13.1,27994
"174",5125,"AR","Saline",22.3242576,0.103699479,0.666930631,0.553063888,0.337023306,13.64746166,1,56926,10.7,11.8,32.5,107118
"2665",48283,"TX","La Salle",57.8089977,0.401391491,1.532466395,0.936580145,0.535188654,13.51433657,0,42500,27.9,8.2,26.6,6886
"966",20155,"KS","Reno",23.81228215,0.172430009,0.639301909,0.893500956,0.501614572,8.597012543,0,47178,13.1,11.9,35.7,64511
"735",18075,"IN","Jay",19.39688454,0.141649747,0.688967025,0.424949242,0.613815572,10.90555134,0,42646,15.2,15,34,21253
"2645",48243,"TX","Jeff Davis",29.42925018,0.907441016,0.909090909,0.453720508,1.361161525,13.51433657,0,47654,13.3,12.4,26.2,2342
"829",19079,"IA","Hamilton",18.02041239,0.264602765,0.87335279,0.264602765,0.661506913,12.08335234,0,54042,11,10.3,30.6,15673
"1279",26095,"MI","Luce",11.99430894,0.622471211,1.00922722,0.311235605,1.244942421,14.74092241,0,41870,19.6,12,32.6,6631
"1188",23021,"ME","Piscataquis",4.432930748,0.41113591,1.781155376,0.41113591,1.233407729,14.32685007,0,36463,19.1,12.3,33.3,17535
"602",17013,"IL","Calhoun",11.34807162,0.605326877,0.612995505,0.201775626,2.421307506,14.36481192,1,51109,11.6,11.4,29.1,5089
"2660",48273,"TX","Kleberg",30.52671811,0.093196645,1.059745451,0.869835353,0.714507611,13.51433657,0,40066,24.3,9.2,28,32061
"2559",48071,"TX","Chambers",19.20946919,0.131078778,0.586898586,0.655393892,0.471883602,13.51433657,1,77282,9.6,9.6,28.6,35096
"1801",35009,"NM","Curry",38.55477551,0.078479076,0.894988067,0.667072142,0.490494222,22.76369944,0,41879,21.7,7.9,30.5,48376
"2647",48247,"TX","Jim Hogg",26.71617128,0.570884872,1.425055059,0.761179829,0.380589914,13.51433657,0,36048,23.2,9.9,27.3,5300
"843",19107,"IA","Keokuk",25.41497764,0.293226469,0.955298613,0.390968625,0.586452937,12.08335234,0,50054,12.1,11,29.9,10511
"2738",48429,"TX","Stephens",22.78369367,0.106326422,1.177737398,0.850611377,0.956937799,13.51433657,0,45410,18.2,10,27,9630
"2107",39127,"OH","Perry",3.911840969,0.223388808,0.906931648,0.558472021,0.390930414,13.7918164,1,44738,18.8,13.1,36.3,36058
"356",12073,"FL","Leon",28.97913396,0.144372297,0.81271295,0.894403989,0.764116794,15.6503653,1,46405,21.8,8.3,26.4,275487
"1373",27117,"MN","Pipestone",28.25144168,0.43098804,1.050496269,0.75422907,0.75422907,8.677720386,0,51939,11,9.3,28.4,9596
"3128",56015,"WY","Goshen",26.09774817,0.147994672,0.448095594,0.813970697,0.887968033,5.81775266,0,48146,15.1,9,29.9,4812
"792",19005,"IA","Allamakee",8.128616843,0.498646531,1.032363392,0.213705656,1.424704374,12.08335234,0,47756,10.8,9.1,33.6,14330
"1095",21203,"KY","Rockcastle",1.608586135,0.178295495,1.172106825,0.534886485,0.475454654,14.4939772,0,33293,22.9,13.2,36,17056
"539",13307,"GA","Webster",1.784478144,0.377500944,0.384763371,0,0,16.41494763,0,35770,23.6,14.6,32.1,2799
"1018",21049,"KY","Clark",10.30666221,0.167794619,1.049256912,0.894904637,0.391520779,14.4939772,1,54812,15.4,12.4,30.6,35613
"243",6113,"CA","Yolo",6.162067794,0.192687509,0.708597078,0.693675033,0.712943783,10.96172519,1,58766,17.5,6.9,22.7,200849
"352",12065,"FL","Jefferson",16.25782084,0.213523132,1.324368378,0.427046263,0.355871886,15.6503653,1,42210,19.4,11.7,32.2,14761
"638",17085,"IL","Jo Daviess",19.94055632,0.179742968,0.57035676,0.404421677,1.797429676,14.36481192,0,51201,9.4,13,29.5,22678
"1277",26091,"MI","Lenawee",19.79331677,0.151443254,0.788462059,0.585580583,0.656254102,14.74092241,0,49013,14.3,11.2,30.8,99892
"332",12023,"FL","Columbia",16.4038991,0.117894985,1.234986556,0.589474925,0.604211798,15.6503653,0,43303,19.7,12.7,36.3,67531
"1589",29213,"MO","Taney",30.14539708,0.184399779,0.910447307,0.995758805,1.641158031,12.8651075,0,39320,16,10.8,30.9,51675
"576",16049,"ID","Idaho",34.32711395,0.246685168,0.995502187,0.30835646,1.171754548,10.90800528,0,41157,16.3,9.5,25.7,16267
"2486",47115,"TN","Marion",10.19619887,0.140810364,1.540931355,0.774457,0.739254409,16.30435077,1,41090,19,15.9,32.9,28237
"2182",40101,"OK","Muskogee",14.20978696,0.185804534,1.209033205,0.786096104,0.585998914,15.51297406,0,40340,21.1,13.3,37.4,70990
"1638",30079,"MT","Prairie",100.0000002,0.871080139,0.846023689,0,1.742160279,11.29944749,0,42187,12.5,10,26.2,1179
"1753",32011,"NV","Eureka",100.0000003,0.495540139,1.043296818,0.991080278,0.495540139,14.93273262,0,65459,9.5,8.6,27.2,1987
"1443",28083,"MS","Leflore",45.50637845,0.318248361,1.800308146,0.668321558,0.668321558,18.56717545,0,26520,42.3,16.1,44,32317
"2585",48123,"TX","DeWitt",15.35426515,0.096693096,0.762840482,0.773544769,0.918584413,13.51433657,0,47365,19.2,11.6,30.6,20097
"104",4013,"AZ","Maricopa",13.39271425,0.120865406,0.505499611,0.68041841,0.583285684,13.52769291,1,56017,16.3,9,25.4,3817117
"787",18179,"IN","Wells",9.204469136,0.071782356,0.527746968,0.466585313,0.610150025,10.90555134,1,55987,9.5,11.8,28.4,27636
"1172",22117,"LA","Washington",10.62853482,0.280862464,1.360397322,0.626539342,0.324072074,19.48120605,0,33453,26.2,15,37.4,47168
"1604",30011,"MT","Carter",99.99999981,0.855431993,0.831255195,0,0.855431993,11.29944749,0,46398,13.9,9.3,25,1160
"2843",51045,"VA","Craig",11.23788904,0.573175392,0.872431175,0,0.382116928,9.731570193,1,47832,11.9,10.7,27.8,5190
"1332",27035,"MN","Crow Wing",6.734017341,0.237097921,0.830205401,0.632261124,1.169683079,8.677720386,0,50755,10.4,10.4,29,62500
"2265",42041,"PA","Cumberland",22.44021963,0.155889761,0.618026661,0.693299202,0.701503926,14.55564736,1,63926,7.3,9.4,27.6,235406
"1552",29137,"MO","Monroe",13.81459438,0.229700241,0.93479785,0.344550362,1.033651085,12.8651075,0,44048,14,12.6,30.8,8840
"2040",38099,"ND","Walsh",18.43725605,0.364630811,0.932379555,0.273473108,0.911577028,7.195442455,0,51749,10.8,9.5,32.2,11119
"2450",47043,"TN","Dickson",12.8607256,0.177953534,1.164462335,0.790904597,0.672268908,16.30435077,1,47621,16.4,12.6,35.9,49666
"287",8083,"CO","Montezuma",16.43290688,0.271612603,0.682124029,0.543225206,1.435666615,8.549519948,0,42975,19.3,6.5,21.7,25535
"1697",31085,"NE","Hayes",100.0000004,1.071811361,1.950947603,0,0,9.12645062,0,50516,14.7,9.9,33.2,967
"1290",26117,"MI","Montcalm",7.532787139,0.159000207,1.118186341,0.365700475,0.540600703,14.74092241,1,41728,17.9,11.2,34,63342
"1431",28059,"MS","Jackson",29.56293471,0.134620971,0.972923349,0.588081084,0.58099577,18.56717545,1,46339,16.1,14.3,32,139668
"1675",31041,"NE","Custer",51.44311123,0.559284116,0.848215663,0.279642058,1.398210291,9.12645062,0,51014,11.6,9.7,32,10939
"295",8099,"CO","Prowers",23.8819325,0.249293668,1.097410949,0.830978893,0.498587336,8.549519948,0,41348,19.6,8.4,26.1,12551
"3079",55061,"WI","Kewaunee",0.579114389,0.195656427,0.628930818,0.391312855,1.173938564,12.44343891,1,60572,8.2,9.5,33.5,114638
"1612",30027,"MT","Fergus",29.44990612,0.611781157,0.525716288,0.611781157,1.310959622,11.29944749,0,43823,13.6,9.2,26,11586
"382",12123,"FL","Taylor",28.86027821,0.132849172,1.424276588,0.442830573,0.398547516,15.6503653,0,39116,21.2,15.4,38.9,22570
"2627",48207,"TX","Haskell",25.27257771,0.346680534,1.056152086,0.520020801,0.866701335,13.51433657,0,36085,22.3,10.5,27.3,5899
"2905",51177,"VA","Spotsylvania",23.42873862,0.147072484,0.699441961,0.681177818,0.588289934,9.731570193,1,76181,7.7,12.6,32.7,122397
"1623",30049,"MT","Lewis and Clark",23.69154324,0.151846453,0.69359809,0.652939747,1.017371234,11.29944749,0,56755,12.2,7.7,24.3,63395
"1906",37031,"NC","Carteret",25.18475194,0.188923283,0.920549669,0.886486172,1.46778858,15.44057095,0,50837,13.8,10.3,25.8,66469
"597",17003,"IL","Alexander",21.21933856,0.266951415,1.00339611,0,0.53390283,14.36481192,1,32922,28.6,11.4,28.4,8238
"540",13309,"GA","Wheeler",4.936835782,0.125078174,0.62672349,0.125078174,0.250156348,16.41494763,0,30926,39.3,12.1,31.9,7421
"1129",22031,"LA","De Soto",23.98103999,0.073686537,0.859454615,0.29474615,0.442119225,19.48120605,1,41691,24.9,14.1,38.9,26656
"470",13167,"GA","Johnson",8.875248962,0.206164313,1.262493425,0.618492939,0.206164313,16.41494763,0,30794,30.2,12.7,34,9980
"1441",28079,"MS","Leake",17.56289179,0.086232915,1.097848512,0.517397491,0.388048118,18.56717545,0,35804,24.3,13.5,40.9,23805
"89",2220,"AK","Sitka",18.37912129,0.449438202,0.358625897,0.449438202,0.898876404,11.55515478,0,68472,9.2,6.7,28.7,5559
"301",8111,"CO","San Juan",99.24281023,1.388888889,1.44092219,5.555555556,13.88888889,8.549519948,0,43489,15.6,6.7,19.3,699
"1368",27107,"MN","Norman",31.70191348,0.301250188,0.911992704,0.150625094,0.301250188,8.677720386,0,50775,11.7,9.1,28.2,6852
"201",6029,"CA","Kern",14.54176899,0.211527929,0.814978654,0.628866816,0.500806665,10.96172519,1,51150,21.9,9.3,30.3,839631
"264",8037,"CO","Eagle",15.43756575,0.340129627,0.339575346,0.869220158,2.418699571,8.549519948,0,75191,7.6,3.3,11.8,52197
"2757",48467,"TX","Van Zandt",9.657455162,0.094500095,0.63931561,0.51030051,0.68040068,13.51433657,0,47252,15.9,10.8,30.2,52579
"165",5107,"AR","Phillips",50.37733644,0.351229303,1.646903821,0.351229303,0.451580532,13.64746166,0,28224,37.3,16.7,45.5,21757
"2495",47133,"TN","Overton",1.33445831,0.272380607,0.933442172,0.499364445,0.363174142,16.30435077,0,36316,17.5,15.1,33,22083
"2304",42119,"PA","Union",32.25573949,0.089138477,0.550495629,0.512546241,0.80224629,14.55564736,0,57862,12.4,10.2,28.2,44947
"1728",31147,"NE","Richardson",27.12033341,0.246062992,0.744416873,0.61515748,1.230314961,9.12645062,0,44648,13,9.8,36.7,8363
"1987",37193,"NC","Wilkes",11.2223789,0.188849182,1.231694307,0.508440106,0.595601267,15.44057095,0,40647,18.7,10.8,26.7,69340
"2865",51091,"VA","Highland",100.0000005,0.444839858,1.203369434,0,1.334519573,9.731570193,0,42363,13.8,12.4,26.3,2321
"1424",28045,"MS","Hancock",33.80949826,0.065289778,0.838836528,0.652897778,0.805240593,18.56717545,1,45911,20.8,13.6,31.9,43929
"2616",48185,"TX","Grimes",40.03574604,0.147210364,0.834206691,0.294420727,0.478433682,13.51433657,0,44226,17.8,11.9,29.1,26604
"126",5029,"AR","Conway",16.70396786,0.18972632,1.118434669,0.33202106,0.569178959,13.64746166,0,43702,17.8,13.7,39.7,21273
"2599",48151,"TX","Fisher",17.0230805,0.522056904,1.297353399,0.261028452,0.522056904,13.51433657,0,43082,15.2,11.7,26.7,3974
"2763",48479,"TX","Webb",22.474795,0.108747417,0.714435845,0.659984325,0.442489491,13.51433657,1,39237,30.5,8.6,31.3,250304
"1777",34005,"NJ","Burlington",37.22294047,0.15787531,0.563674647,0.689314732,0.618159663,9.742132261,1,74844,7.7,9.5,28,448734
"2081",39075,"OH","Holmes",2.067296307,0.273360973,0.388823137,0.318921135,0.364481298,13.7918164,0,53540,10.8,10.3,31.2,42366
"1548",29129,"MO","Mercer",99.76810369,0.537778973,2.095160854,0.537778973,1.075557946,12.8651075,0,43244,14.2,11.5,33.4,3785
"2847",51053,"VA","Dinwiddie",27.4212192,0.179475214,0.823147622,0.215370257,0.287160343,9.731570193,1,52694,12.4,11.4,32.7,28001
"3027",54067,"WV","Nicholas",6.542354029,0.271034189,1.702158482,0.542068378,0.890540907,19.421201,0,38912,18.5,15.7,38.2,44443
"1975",37169,"NC","Stokes",17.50834829,0.150800319,0.891236595,0.517029665,0.517029665,15.44057095,1,42889,15.3,12.7,33.8,47401
"1212",24039,"MD","Somerset",22.74041908,0.193356278,0.781008948,0.425383812,0.309370045,12.14795044,1,38692,25.8,13.7,42.2,26470
"2350",45067,"SC","Marion",8.814352989,0.375786804,1.347475257,0.657626906,0.407102371,15.46667193,0,30528,24.4,17.2,39.9,33062
"2603",48159,"TX","Franklin",7.014344136,0.094339623,0.754218912,0.471698113,0.566037736,13.51433657,0,43569,16.4,11.3,26.9,10605
"2477",47097,"TN","Lauderdale",8.617952581,0.182601709,1.108081525,0.292162735,0.219122051,16.30435077,0,34715,26.2,15.4,38.3,27815
"2717",48387,"TX","Red River",46.38197293,0.241041298,1.228803146,0.321388398,0.562429696,13.51433657,0,36347,20.2,11.9,30.7,12860
"3017",54047,"WV","McDowell",1.137048641,0.342331768,1.793706355,0.391236307,0.146713615,19.421201,0,26413,34.5,17.6,42.1,56418
"1196",24005,"MD","Baltimore",17.54143405,0.180185627,0.620618368,0.89367234,0.505487197,12.14795044,1,68317,9.1,10.4,28.8,805029
"2379",46035,"SD","Davison",23.77078714,0.100578325,0.824833777,0.854915766,1.005783254,11.06436622,0,47591,13.4,9.4,34.3,19504
"192",6011,"CA","Colusa",8.268281955,0.420187684,1.084707554,0.420187684,0.700312806,10.96172519,0,51118,13.2,9.6,25.4,21419
"857",19135,"IA","Monroe",24.94237008,0.249968754,0.762388818,0.374953131,1.24984377,12.08335234,0,48181,12.1,10.7,32.4,7970
"1049",21111,"KY","Jefferson",16.12321276,0.203940392,0.813677889,0.865759856,0.747342854,14.4939772,1,51230,15.4,11.9,31.6,741096
"2189",40115,"OK","Ottawa",15.44212497,0.0622956,0.83882911,0.467216944,0.560660333,15.51297406,0,36166,23,15.6,37.1,31848
"2237",41057,"OR","Tillamook",8.758429115,0.315681477,1.262288184,0.473522216,1.933549049,17.72200324,0,44972,15.5,11.4,28.8,25250
"573",16043,"ID","Fremont",12.33883368,0.155436388,0.688918077,0.388590969,0.621745551,10.90800528,0,49555,15,9,28.9,13242
"1810",35027,"NM","Lincoln",34.70314992,0.152237897,1.213821264,1.014919314,1.573124937,22.76369944,0,40297,17.8,7.9,19.9,20497
"3091",55083,"WI","Oconto",11.32983014,0.133629099,0.681271707,0.427613117,1.256113531,12.44343891,1,53243,9.7,9.5,30.4,35998
"766",18137,"IN","Ripley",2.546396886,0.280731305,0.751115117,0.526371197,0.701828263,10.90555134,0,51553,10.6,13.7,32.7,28818
"1530",29093,"MO","Iron",22.44256694,0.38959774,1.263886117,0.097399435,0.681796046,12.8651075,0,33415,22.9,11.3,35.1,10630
"1705",31101,"NE","Keith",21.95668691,0.369412634,0.769102852,0.985100357,1.60078808,9.12645062,0,46888,10.9,9.1,27.5,8368
"3070",55043,"WI","Grant",11.29174919,0.250824828,0.793209995,0.424472786,0.810357136,12.44343891,0,51008,14,8.2,31.9,36842
"1075",21163,"KY","Meade",14.14651502,0.068636535,0.903671573,0.377500944,0.274546141,14.4939772,1,51111,13.5,11.6,35.9,28602
"2932",51660,"VA","Harrisonburg",2.646331554,0.323945272,1.020510695,1.009947025,1.581615153,9.731570193,1,39967,30.9,6.7,24.8,22591
"1467",28131,"MS","Stone",21.60807174,0.0559441,0.953068325,0.783216783,0.391608392,18.56717545,0,42295,20.5,12.4,35.8,17786
"3057",55017,"WI","Chippewa",14.81731767,0.126063662,0.654631914,0.551528522,0.819413804,12.44343891,1,53209,10.8,8.2,30.2,34690
"740",18085,"IN","Kosciusko",18.2801144,0.190927142,0.768092854,0.687337712,0.814622473,10.90555134,0,54147,10,10.4,33.2,77358
"172",5121,"AR","Randolph",32.0700913,0.284559786,0.768951551,0.455295658,0.569119572,13.64746166,0,34730,17.6,12.7,35.3,17969
"1803",35013,"NM","Do√±a Ana",39.60313107,0.098279638,0.615448297,0.58967783,0.50543814,22.76369944,1,39421,25.7,7.4,23.6,209233
"2393",46063,"SD","Harding",99.99999963,0.8,0.782472613,0,0.8,11.06436622,0,57053,10.2,8.1,32.4,1255
"1724",31139,"NE","Pierce",66.24293749,0.555401277,0.977790194,0.555401277,0.555401277,9.12645062,0,56744,9.4,10.7,34.1,7266
"54",1107,"AL","Pickens",2.679725717,0.196415419,1.23007282,0.392830837,0.294623128,16.97643575,1,33160,24.3,16.4,36.4,19746
"2036",38091,"ND","Steele",87.7559798,1.534526854,0.509683996,0,1.023017903,7.195442455,0,61352,7.8,11.4,30.2,1975
"2935",51680,"VA","Lynchburg",16.58068651,0.202411224,1.027485497,1.02470682,0.986754716,9.731570193,1,39939,23.1,11.3,27.1,37821
"2445",47033,"TN","Crockett",0.747149115,0.340878102,1.162306571,0.409053722,0.204526861,16.30435077,1,38474,19.1,13.8,33,14586
"964",20151,"KS","Pratt",23.15645277,0.304568528,0.652128548,0.913705584,1.218274112,8.597012543,0,52634,10.8,11.7,33.8,9656
"908",20039,"KS","Decatur",27.8696523,0.343878955,0.706214689,0.343878955,0.687757909,8.597012543,0,43919,12.3,12.5,36.1,2961
"830",19081,"IA","Hancock",12.56334544,0.27205949,0.738347946,0.27205949,0.544118981,12.08335234,0,56746,9.2,9.9,35.4,11341
"327",12013,"FL","Calhoun",18.02309166,0.275254611,0.693337031,0.481695568,0.550509221,15.6503653,0,36062,22.2,15.5,39.4,14625
"3040",54093,"WV","Tucker",3.46536157,0.288725278,1.69650592,0.866175834,1.587989028,19.421201,0,38000,17.1,13.8,37.8,9208
"910",20043,"KS","Doniphan",61.50697034,0.254000508,0.772007655,0.127000254,0.63500127,8.597012543,1,47000,13.2,9.7,32.1,7945
"2340",45047,"SC","Greenwood",17.55817899,0.215765247,1.323675493,0.86306099,0.719217491,15.46667193,0,42240,19.1,13.2,33.5,69661
"2033",38085,"ND","Sioux",40.96313792,0.226142017,0.895054822,0.226142017,0.226142017,7.195442455,1,32895,40.4,13.3,33.7,4153
"1122",22017,"LA","Caddo",32.52371914,0.106887092,0.901811392,0.823426483,0.534435458,19.48120605,1,41081,22.2,12,34.3,254969
"1119",22011,"LA","Beauregard",35.23607652,0.0552517,0.710861971,0.497265042,0.303884192,19.48120605,0,48206,19.5,12.6,35.8,35654
"175",5127,"AR","Scott",17.2959815,0.187038249,1.248743148,0.374076499,0.467595623,13.64746166,0,36028,20.8,11.4,32.5,11233
"1123",22019,"LA","Calcasieu",21.79936814,0.162268514,1.08507269,0.836697024,0.446238413,19.48120605,1,46523,17.5,11.6,32.3,192768
"734",18073,"IN","Jasper",9.130084719,0.238984317,1.188945054,0.627333831,0.71695295,10.90555134,1,60195,9.3,11.3,29.6,33478
"2144",40025,"OK","Cimarron",40.34505522,0.435919791,1.38760407,1.307759372,1.307759372,15.51297406,0,44023,17,12.5,32.8,2475
"3120",55141,"WI","Wood",23.9927528,0.135854798,0.68050939,0.557004673,0.896641669,12.44343891,0,51025,11.3,8.1,32.3,36299
"856",19133,"IA","Monona",15.13901044,0.222321032,0.899078445,0.555802579,0.77812361,12.08335234,0,43991,13.2,11.8,32.8,9243
"2376",46029,"SD","Codington",36.41221756,0.071587086,0.504816544,0.680077314,1.324361085,11.06436622,0,53073,10.8,8.3,31.2,27227
"1745",31181,"NE","Webster",52.4121627,0.546746856,1.110185956,0.273373428,0.273373428,9.12645062,0,40444,12.9,10.2,32.9,3812
"989",20201,"KS","Washington",50.16777777,0.893176134,1.262170934,0.178635227,1.429081815,8.597012543,0,46153,10.7,12.7,30.7,5799
"2284",42079,"PA","Luzerne",15.60004683,0.19132513,0.898963176,0.649250852,0.947216219,14.55564736,1,49589,15.1,11.7,28.9,320918
"937",20097,"KS","Kiowa",99.65433865,0,1.208215868,0,0.39793076,8.597012543,0,46381,12.6,10.3,32.8,2553
"930",20083,"KS","Hodgeman",31.9245238,0.521920668,1.069518717,0.521920668,0.521920668,8.597012543,0,54513,9.6,13.7,32,1916
"2972",53035,"WA","Kitsap",32.8028071,0.196708671,0.547560335,0.625533572,0.708151214,13.76915477,1,65814,9.9,8.7,29.6,40915
"2314",44005,"RI","Newport",30.51473782,0.218558003,0.629147339,0.898516234,1.590616576,16.09341307,1,66096,11.1,8.5,23.1,82888
"443",13113,"GA","Fayette",33.34738013,0.155018967,0.547209307,0.866282463,0.829807412,16.41494763,1,80588,7,12.9,31.1,106567
"504",13237,"GA","Putnam",3.004420304,0.188750472,1.396843135,0.330313326,0.70781427,16.41494763,0,44323,18.1,12.8,30,21218
"1547",29127,"MO","Marion",15.53291178,0.20746888,1.127685102,0.656984786,0.829875519,12.8651075,0,41297,17.7,12.5,37.3,28781
"2071",39055,"OH","Geauga",19.60645889,0.127260194,0.5182862,0.615090938,0.646905987,13.7918164,1,76315,6.7,11.8,27,93389
"525",13279,"GA","Toombs",18.12002536,0.183271021,1.476932882,0.95300931,0.696429881,16.41494763,0,34953,25.1,13.6,31.5,27223
"293",8095,"CO","Phillips",4.713433348,0.916800367,0.699626866,0.458400183,1.833600733,8.549519948,0,48562,11.1,7.8,22.8,4442
"252",8014,"CO","Broomfield",29.78500272,0.112652483,0.28308457,1.094338408,0.756380959,8.549519948,1,86548,4.9,5.5,17.6,55889
"1159",22091,"LA","St. Helena",5.916009019,0.376683304,1.236681887,0.094170826,0.188341652,19.48120605,1,36602,19.9,15.8,40.6,11203
"1784",34019,"NJ","Hunterdon",20.58397426,0.206239539,0.288080037,0.785296707,1.102588306,9.742132261,1,102797,5,7,22.3,128349
"2985",53061,"WA","Snohomish",23.10293825,0.213274915,0.567215155,0.701700802,0.687219172,13.76915477,1,76053,9.3,9.9,29.4,471221
"2290",42091,"PA","Montgomery",28.42459169,0.172612832,0.486070969,0.804302344,0.785939277,14.55564736,1,83258,6.6,7.4,24.6,799874
"2506",47155,"TN","Sevier",12.66615327,0.241825255,1.15682076,1.019871727,1.629691936,16.30435077,0,41987,14.6,12.2,30.6,89889
"2038",38095,"ND","Towner",34.79986631,0,0.883782589,0.432900433,2.164502165,7.195442455,0,51561,10.4,11.2,30.1,2246
"666",17141,"IL","Ogle",17.58797134,0.153595085,0.760634252,0.556782183,0.729576654,14.36481192,0,57268,10.4,10.4,31.2,53497
"2228",41039,"OR","Lane",17.9894462,0.175812154,0.847272626,0.820456721,0.901386125,17.72200324,1,47254,19,7.8,27.4,351715
"1461",28119,"MS","Quitman",32.01755851,0.260484501,1.519481109,0.520969002,0.130242251,18.56717545,0,26467,38.2,15.4,41.5,8223
"1684",31059,"NE","Fillmore",19.64043192,0.529941706,1.223776224,0.529941706,1.236530648,9.12645062,0,54086,9.8,10.1,33.4,5890
"2232",41047,"OR","Marion",14.46579713,0.122657999,0.746321912,0.689951243,0.696084143,17.72200324,1,51623,16.8,10.3,34.1,315335
"1435",28067,"MS","Jones",9.713818054,0.131790892,1.156436557,0.732171621,0.307512081,18.56717545,0,36413,23.2,14.6,38.4,67761
"1543",29119,"MO","McDonald",7.429533234,0.307017544,1.097848512,0.307017544,0.438596491,12.8651075,1,37939,20.1,10.3,28.1,23083
"2207",40151,"OK","Woods",32.34609542,0.322997416,0.81512879,0.861326443,0.753660637,15.51297406,0,52920,13.8,12.4,33.4,8878
"75",2090,"AK","Fairbanks North Star",34.44562358,0.070453013,0.270861289,0.49317109,0.654206548,11.55515478,1,70881,8.1,5.5,28.1,97581
"654",17117,"IL","Macoupin",16.11736011,0.236798484,0.927579797,0.430542699,0.753449723,14.36481192,1,50460,13.7,10.5,31,47765
"1660",31011,"NE","Boone",18.55551783,0.747244536,1.265941485,0.186811134,0.560433402,9.12645062,0,54070,9.2,9.4,31.6,5505
"1625",30053,"MT","Lincoln",15.67273098,0.418300654,1.038475518,0.418300654,1.307189542,11.29944749,0,37281,20.3,11.7,28.8,19687
"2812",50011,"VT","Franklin",4.451708305,0.349492208,1.057957682,0.4728424,0.781217878,12.51148746,1,59280,8.1,8.1,27.5,47746
"413",13053,"GA","Chattahoochee",96.77834038,0.084480865,0.457791613,0.16896173,0.084480865,16.41494763,1,41066,21,6.4,27.3,11267
"2229",41041,"OR","Lincoln",17.02461494,0.323234065,1.113876919,0.689566004,2.241089514,17.72200324,0,41118,17,13.3,28.5,46034
"431",13089,"GA","DeKalb",24.2935273,0.211864113,0.795600827,0.823915997,0.758833557,16.41494763,1,53994,17.8,10,27.3,691893
"2561",48075,"TX","Childress",44.15210837,0.14106362,0.709018718,0.987445338,1.551699817,13.51433657,0,37732,22.3,9,27,7041
"1592",29219,"MO","Warren",4.905375537,0.180434848,0.569492929,0.541304544,0.45108712,12.8651075,1,51933,12.3,11.8,28.4,32513
"3037",54087,"WV","Roane",15.95934939,0.204582651,1.249296171,0.340971086,0.204582651,19.421201,0,36176,21.1,16.1,36.2,13927
"2263",42037,"PA","Columbia",9.928253275,0.14898245,0.844374184,0.804505229,0.864098209,14.55564736,1,44763,15,11.9,37.9,67295
"1275",26087,"MI","Lapeer",9.262139,0.113439134,0.798996302,0.408380883,0.555851758,14.74092241,1,57774,10,10.7,30.3,88319
"428",13083,"GA","Dade",5.465098698,0.244066142,1.66082303,0.488132284,0.427115748,16.41494763,1,43632,16.2,12.2,32.3,16633
"1671",31033,"NE","Cheyenne",18.90099854,0.295624754,0.555500282,0.492707923,1.281040599,9.12645062,0,57255,9,7.6,31.5,9998
"883",19187,"IA","Webster",23.2817151,0.135299689,0.843101526,0.73061832,0.649438506,12.08335234,0,44922,14.6,10,31.1,38013
"1252",26041,"MI","Delta",25.7599353,0.328236549,0.798758816,0.71117919,0.738532236,14.74092241,0,43020,14.8,12.3,32.1,37069
"2366",46009,"SD","Bon Homme",14.11669461,0.427167877,0.882970599,0.142389292,0.427167877,11.06436622,0,48900,14.6,9.4,29.6,7070
"20",1039,"AL","Covington",9.980464049,0.158252888,1.45941232,0.633011552,0.474758664,16.97643575,0,36355,22.3,14.7,34,37765
"1449",28095,"MS","Monroe",6.57637135,0.166652779,0.75730122,0.555509263,0.583284726,18.56717545,0,38893,20.7,14.2,38,36989
"2993",53077,"WA","Yakima",13.32781883,0.266465337,0.90698724,0.553117443,0.512743907,13.76915477,1,46891,19.1,10.2,29.6,16589
"2800",49045,"UT","Tooele",33.65244954,0.081171467,0.437020242,0.470794506,0.308451573,7.223609465,1,67938,7.2,9.2,31.7,58218
"2517",47177,"TN","Warren",8.317004946,0.15011634,1.15592194,0.600465361,0.475368411,16.30435077,0,39357,21.2,16.3,31.4,39839
"2287",42085,"PA","Mercer",14.50006929,0.130566484,0.87751927,0.626719125,0.748581178,14.55564736,1,46319,14.2,12.2,31.7,116638
"569",16035,"ID","Clearwater",17.64034148,0.467180565,0.617865129,0.350385424,1.051156272,10.90800528,0,42630,15.3,11.1,30.6,8761
"1971",37161,"NC","Rutherford",21.47447018,0.195195195,1.063920547,0.585585586,0.705705706,15.44057095,0,36998,19.2,13.9,28.7,67810
"2742",48437,"TX","Swisher",18.35950602,0.131908719,0.814804893,0.131908719,0.791452315,13.51433657,0,40584,21.6,9.9,27.7,7854
"1307",26151,"MI","Sanilac",6.440746911,0.216413783,1.312114114,0.360689639,0.673287325,14.74092241,0,41861,16.7,10.2,31.3,43114
"467",13161,"GA","Jeff Davis",12.23680268,0.26919712,1.47319128,0.538394239,0.26919712,16.41494763,0,36186,21.7,12.8,30,15068
"105",4015,"AZ","Mohave",44.1297479,0.09342991,0.737315813,0.560579462,0.634339918,13.52769291,1,40360,17.4,12.8,29.6,200186
"1516",29065,"MO","Dent",20.30037782,0.319386777,0.676978402,0.383264133,0.574896199,12.8651075,0,36808,21.5,13.6,34.6,15657
"2695",48343,"TX","Morris",1.672160991,0.23542337,0.827179121,0.706270109,0.470846739,13.51433657,0,37236,19.5,11.1,30,12934
"1042",21097,"KY","Harrison",5.034656435,0.10757315,0.867031356,0.537865749,0.537865749,14.4939772,0,47040,16.2,13.1,30.1,18846
"663",17135,"IL","Montgomery",23.67059786,0.136244422,1.131182647,0.681222112,0.885588746,14.36481192,0,46006,16.6,10.8,31.3,30104
"2767",48487,"TX","Wilbarger",27.29621009,0.154166345,1.008377288,1.002081246,0.616665382,13.51433657,0,43073,16.5,11,28,13535
"1855",36053,"NY","Madison",19.29338073,0.165816855,0.690462505,0.580358993,1.050173417,15.01708585,1,58094,12.9,9.6,26.1,73442
"2212",41007,"OR","Clatsop",17.2776327,0.346907189,1.179937185,0.800555052,2.855313017,17.72200324,0,47340,13.9,11,30.7,37039
"2611",48175,"TX","Goliad",36.80334236,0.132467877,0.509955213,0.39740363,0.662339383,13.51433657,1,52612,14.1,11.9,29.2,7210
"1842",36027,"NY","Dutchess",34.14698868,0.316947592,0.567397803,0.822715027,1.170008665,15.01708585,1,71348,10.4,9.6,25.9,297488
"2625",48203,"TX","Harrison",13.69591267,0.14850897,0.710163225,0.534632292,0.400974219,13.51433657,0,46593,18.5,11.9,33.3,65631
"342",12045,"FL","Gulf",18.73744314,0.250878073,1.151761518,0.439036628,0.689914701,15.6503653,1,41320,21.9,11.1,30.9,15863
"2230",41043,"OR","Linn",22.01140718,0.150809343,0.881163054,0.519454405,0.678642046,17.72200324,1,47757,15.8,11.2,33.6,116672
"1641",30085,"MT","Roosevelt",57.75846547,0.44122838,1.054105853,0.44122838,0.352982704,11.29944749,0,39147,24.3,12.8,36.9,10425
"1693",31077,"NE","Greeley",99.96318269,0.805801773,0.8336807,0,1.208702659,9.12645062,0,44920,12.2,9.6,32.4,2538
"2354",45075,"SC","Orangeburg",12.18663946,0.1998002,1.503551263,0.765900766,0.532800533,15.46667193,0,37651,24,15.1,41.9,92501
"184",5145,"AR","White",12.26314296,0.152687296,0.959884604,0.763436482,0.585301303,13.64746166,0,42508,19.7,10.1,36.3,77076
"841",19103,"IA","Johnson",15.42027831,0.140560979,0.549311825,0.744973188,0.990954901,12.08335234,1,57706,18.3,5.4,23,130882
"385",12129,"FL","Wakulla",1.259731886,0.127258844,0.943258186,0.318147111,0.668108934,15.6503653,1,48703,16.5,11.7,36.4,30776
"790",19001,"IA","Adair",6.375785631,0.268312316,1.081030269,0.402468473,0.670780789,12.08335234,0,51531,11.9,11.6,32.4,7682
"401",13027,"GA","Brooks",8.342279466,0.194577766,1.428996409,0.454014788,0.324296277,16.41494763,1,36820,25.4,14.5,33.5,16243
"229",6085,"CA","Santa Clara",7.460991664,0.184735077,0.401166613,0.756886,0.869838304,10.96172519,1,102191,8.3,8.4,19.5,1781642
"1873",36089,"NY","St. Lawrence",17.37470627,0.242369838,0.983751068,0.475763016,0.763016158,15.01708585,0,42811,18.5,10.6,28.2,111944
"2631",48215,"TX","Hidalgo",34.73428347,0.081821934,1.022541811,0.436784735,0.458443482,13.51433657,1,35441,31.1,9.7,34.4,774769
"276",8061,"CO","Kiowa",100.0000003,1.426533524,0.849720806,0,1.426533524,8.549519948,0,42108,13.9,7.7,19.5,1398
"2491",47125,"TN","Montgomery",33.41910811,0.089492054,0.636493064,0.615915899,0.658029806,16.30435077,1,49603,13.4,9.8,29,172331
"779",18163,"IN","Vanderburgh",19.96911684,0.219772975,0.838281395,0.884586222,0.758216762,10.90555134,1,43823,17.2,11.9,33.3,179703
"2746",48445,"TX","Terry",37.17749527,0.078499097,0.761778264,0.549493681,0.627992778,13.51433657,0,43357,22.5,9.8,29.2,12651
"2420",46117,"SD","Stanley",19.24542798,0.335232987,0.66822586,1.005698961,1.340931948,11.06436622,0,62015,8.3,9.8,33.4,2966
"2930",51640,"VA","Galax",2.925987969,0.570287995,2.619926199,2.281151982,1.996007984,9.731570193,0,32829,24.2,10.8,26,137436
"2325",45017,"SC","Calhoun",0.851070836,0.067213335,1.165855637,0.268853341,0.13442667,15.46667193,1,41277,21.3,18.6,35.3,15175
"1017",21047,"KY","Christian",25.60778206,0.175084175,0.870755069,0.579124579,0.430976431,14.4939772,1,39840,20.3,10.8,36.5,73955
"1947",37113,"NC","Macon",6.526401153,0.265682657,0.855732682,0.915129151,1.446494465,15.44057095,0,41395,16.9,11.7,27.4,33922
"946",20115,"KS","Marion",22.84342918,0.409567497,0.798106561,0.327653997,1.064875491,8.597012543,0,51196,10.9,9.4,30.9,12660
"2170",40077,"OK","Latimer",25.55121597,0.187038249,0.768196658,0.187038249,0.187038249,15.51297406,0,38313,19.4,15,32.6,11154
"2162",40061,"OK","Haskell",37.94588256,0.155086849,1.098297639,0.310173697,0.465260546,15.51297406,0,36888,18.1,18,38.5,12769
"312",9007,"CT","Middlesex",31.4603373,0.206131815,0.591342219,0.642646247,1.067035279,11.95223646,1,82878,6.7,8.4,24.1,165676
"1437",28071,"MS","Lafayette",33.15621203,0.094464387,0.481758247,0.812393728,1.001322501,18.56717545,0,43435,21,10.4,34.3,47351
"1781",34013,"NJ","Essex",7.748551707,0.480066556,0.762001922,0.69370874,0.687425147,9.742132261,1,52206,16.8,10.7,28.7,783969
"215",6057,"CA","Nevada",27.03397685,0.273022357,0.600361226,0.626940228,0.930298403,10.96172519,0,57627,12.4,7.7,21.1,98764
"1893",37005,"NC","Alleghany",3.861072369,0.27576064,0.983284169,0.367680853,1.286882986,15.44057095,0,36113,22.9,12.8,27.1,11155
"350",12061,"FL","Indian River",37.17288574,0.193430279,0.790100486,0.538841491,0.808262236,15.6503653,1,49887,13,11.4,24.5,138028
"2955",53001,"WA","Adams",15.95592135,0.312842171,0.849014104,0.677824704,0.469263257,13.76915477,0,48127,16.5,11,34.4,21623
"1963",37145,"NC","Person",10.25974359,0.127772667,1.016104945,0.664417868,0.281099867,15.44057095,1,43917,16.3,12.6,32.7,39464
"1866",36075,"NY","Oswego",10.67621727,0.190219414,0.83342438,0.777418474,0.769148065,15.01708585,1,49391,17.4,10.7,29.2,122109
"1440",28077,"MS","Lawrence",15.31074964,0.319948808,1.379193139,0.479923212,0.159974404,18.56717545,0,39460,20.9,15.9,36.8,12929
"3115",55131,"WI","Washington",18.98354146,0.135083414,0.351834753,0.562847558,0.577856827,12.44343891,1,70778,5.3,8.2,29.2,389891
"2533",48019,"TX","Bandera",34.94486782,0.143595635,0.688831741,0.335056481,0.62224775,13.51433657,1,53662,13.3,11.3,27.1,20485
"1821",35047,"NM","San Miguel",49.66806212,0.106236057,0.936599424,0.531180283,0.672828358,22.76369944,0,32303,28.7,8.8,22.6,29393
"559",16015,"ID","Boise",63.72571563,0.293083236,1.122964627,0.146541618,1.905041032,10.90800528,1,52728,14.4,9.6,22.4,7028
"2343",45053,"SC","Jasper",11.45954736,0.1840265,1.460858364,0.846521899,0.662495399,15.46667193,1,37231,23.2,15,37,24777
"1783",34017,"NJ","Hudson",0.554739305,0.402023568,0.98146512,0.756222772,0.774156909,9.742132261,1,60053,17.7,7.4,23.9,634266
"2683",48319,"TX","Mason",21.18437306,0.245639892,0.87164518,1.22819946,1.719479243,13.51433657,0,45340,13.8,12.5,26.2,4012
"1304",26145,"MI","Saginaw",25.1794859,0.205115583,0.977940233,0.723032429,0.564067852,14.74092241,1,43344,18.6,12.8,38.9,200169
"2592",48137,"TX","Edwards",31.8685539,0.532197978,1.569858713,0.532197978,0.532197978,13.51433657,0,37567,22.2,11.8,27.1,2002
"32",1063,"AL","Greene",32.75833067,0.233836081,2.018522916,0.11691804,0.233836081,16.97643575,0,25398,37.7,21,46.3,9045
"1301",26139,"MI","Ottawa",32.55565568,0.137535651,0.437850605,0.550142603,0.463277981,14.74092241,1,61429,8.6,7.8,27.6,263801
"926",20075,"KS","Hamilton",100,0.384172109,1.577287066,0.384172109,0.768344218,8.597012543,0,50056,13.1,8.9,37.1,2690
"2217",41017,"OR","Deschutes",15.60008701,0.211282485,0.571314584,0.78644036,1.144446792,17.72200324,1,56911,13.4,7.8,24.1,157733
"2074",39061,"OH","Hamilton",29.49778691,0.204554499,0.852182489,0.844252205,0.847971377,13.7918164,1,51070,16.6,11,29.2,802374
"48",1095,"AL","Marshall",11.27167399,0.22190287,1.133214933,0.750243036,0.6340082,16.97643575,0,40599,20.1,12.8,33.2,93019
"493",13215,"GA","Muscogee",28.51778245,0.194138994,1.051978631,0.970694968,0.612284518,16.41494763,1,41828,22.2,13.4,28.8,189885
"2270",42051,"PA","Fayette",19.76577493,0.246110705,0.867028797,0.604089912,0.671211014,14.55564736,1,40293,20.1,15.9,38.5,136606
"2529",48011,"TX","Armstrong",99.7479208,1.023017903,1.066098081,1.023017903,0,13.51433657,1,55198,10.4,10.6,27.2,1901
"1112",21237,"KY","Wolfe",1.695333321,0.415858054,1.71113284,0.277238703,0.277238703,14.4939772,0,27196,30.7,12.6,32.3,7355
"209",6045,"CA","Mendocino",17.36614874,0.534887162,1.104099146,0.591790051,1.263244148,10.96172519,0,43237,20.3,8.4,22.4,87841
"1088",21189,"KY","Owsley",0.701890759,0,1.558672901,0.221827862,0,14.4939772,0,23341,42.4,13.1,33.6,4755
"1559",29151,"MO","Osage",10.21406614,0.218930161,0.768442623,0.291906882,0.729767204,12.8651075,1,55962,9.6,11.3,33.3,13878
"2360",45087,"SC","Union",9.118650063,0.107619458,1.231645768,0.466350983,0.609843593,15.46667193,1,35467,23.2,15.6,36.9,28961
"731",18067,"IN","Howard",26.84962908,0.132558868,1.049639893,0.927912077,0.626641922,10.90555134,1,47390,16.9,13.1,31.4,82752
"1036",21085,"KY","Grayson",22.67229327,0.190883408,1.308050718,0.649003589,0.343590135,14.4939772,0,37057,22.9,14.7,36.5,25746
"2153",40043,"OK","Dewey",99.99999998,0.407000407,0.933803694,0,0.814000814,15.51297406,0,53004,13.1,13.9,35.5,4810
"2923",51580,"VA","Covington",20.80684103,0.172354361,1.948169627,1.723543606,1.551189245,9.731570193,0,35374,18.3,10.7,26.4,43055
"1246",26029,"MI","Charlevoix",5.472644227,0.306266988,1.002903645,0.65081735,1.454768194,14.74092241,0,48267,11.6,10,28.6,25949
"2711",48375,"TX","Potter",20.94449837,0.131549738,1.022080244,0.953735601,0.90440445,13.51433657,1,40353,22.4,8.9,31,121073
"2353",45073,"SC","Oconee",14.25263965,0.226087882,1.076113767,0.571869348,0.625066496,15.46667193,0,44819,18,12,28,74273
"556",16009,"ID","Benewah",25.76901545,0.329019522,0.678251943,0.767712218,0.54836587,10.90800528,0,41368,18,9.4,30.1,9285
"854",19129,"IA","Mills",10.38998167,0.269705347,0.734704782,0.134852673,0.40455802,12.08335234,1,62507,10.3,10.9,34.7,15059
"2588",48129,"TX","Donley",15.60278768,0.282246684,1.468428781,1.128986734,0.846740051,13.51433657,0,36862,20.2,11.1,27.6,3677
"1974",37167,"NC","Stanly",5.571893423,0.247524752,0.86361468,0.726072607,0.742574257,15.44057095,0,44878,17.1,12.1,30,60585
"984",20191,"KS","Sumner",29.01739462,0.255015301,0.734072419,0.467528052,0.850051003,8.597012543,1,51451,11.7,11.1,31.1,24132
"3061",55025,"WI","Dane",20.20720418,0.154953475,0.544447017,0.811568826,0.854181032,12.44343891,1,65416,11.2,6.3,23.7,88759
"1591",29217,"MO","Vernon",32.02808626,0.0476168,0.67557786,0.571401362,0.571401362,12.8651075,0,40186,18.5,13.2,30.3,21159
"2388",46053,"SD","Gregory",28.41058429,0.474270809,1.658275394,0,2.371354043,11.06436622,0,36150,18.1,10.4,32.2,4271
"1976",37171,"NC","Surry",7.73711828,0.23297884,1.464137303,0.835982897,0.890801447,15.44057095,0,38408,18.2,13.2,30.9,73673
"938",20099,"KS","Labette",19.5328406,0.238549618,1.169862388,0.477099237,0.90648855,8.597012543,0,42323,18.2,11.3,34,21607
"2049",39011,"OH","Auglaize",5.004778592,0.130887197,0.65368022,0.741694117,0.545363321,13.7918164,0,58840,8.7,11.1,34.7,45949
"2579",48111,"TX","Dallam",40.09040167,0,1.275510204,0.840925018,0.981079187,13.51433657,0,47559,12,8,31.5,6703
"2063",39039,"OH","Defiance",12.81101499,0.129836406,0.698848647,0.701116593,0.934822124,13.7918164,0,53936,10.2,11.6,32.9,39037
"2943",51735,"VA","Poquoson",42.89478426,0.166002656,0.748939003,0.83001328,0.996015936,9.731570193,1,86135,5.4,11.5,24.7,95535
"2142",40021,"OK","Cherokee",22.29250799,0.124118243,1.115674196,0.537845721,0.599904843,15.51297406,0,40600,21.5,14.6,35.5,46987
"66",1131,"AL","Wilcox",42.82029621,0.630744278,1.744644699,0.450531627,0.450531627,16.97643575,0,23014,33.2,19.3,44.9,11670
"1528",29089,"MO","Howard",17.87813753,0.196869771,0.795386757,0.196869771,0.885913968,12.8651075,0,44634,15.9,10,33.9,10144
"2235",41053,"OR","Polk",29.87449396,0.166846347,0.56626295,0.539042045,0.590379383,17.72200324,1,55342,13.7,9.3,34.5,75403
"2431",47005,"TN","Benton",13.47158617,0.247754723,1.342575247,0.495509446,0.86714153,16.30435077,0,36201,20.5,14.3,32.4,16489
"1264",26065,"MI","Ingham",29.1951773,0.17921021,0.80512363,0.794147205,0.748466171,14.74092241,1,47470,21,9.2,30.4,280895
"1934",37087,"NC","Haywood",21.58918399,0.168149182,0.755303605,0.638966891,0.992080174,15.44057095,1,43573,17.6,12.3,30,59036
"2586",48125,"TX","Dickens",19.84283624,0.450856628,0.915750916,1.352569883,1.352569883,13.51433657,0,39169,22.2,9.9,26.6,2444
"3039",54091,"WV","Taylor",2.515657081,0.11717148,0.934219111,0.527271662,0.410100182,19.421201,0,43652,16.2,11.8,37,7141
"2791",49027,"UT","Millard",40.18354293,0.396636522,0.820597658,0.951927653,0.475963827,7.223609465,0,52206,13.1,9.3,31.3,12503
"1837",36017,"NY","Chenango",4.142914352,0.222554931,1.034397579,0.526038927,0.930684255,15.01708585,0,49082,14.3,10.2,30.3,50477
"796",19013,"IA","Black Hawk",29.04271465,0.180590984,0.924226008,0.601969947,0.752462433,12.08335234,1,50335,14.2,9.5,29.9,131090
"374",12107,"FL","Putnam",24.06270286,0.180197663,1.336294165,0.388118043,0.388118043,15.6503653,0,32351,27.3,12.2,36.1,74364
"1677",31045,"NE","Dawes",23.14575605,0.331785003,0.677506775,0.884760009,1.548330015,9.12645062,0,44135,17.8,9.5,27.3,9182
"775",18155,"IN","Switzerland",4.594595828,0.191350938,1.219087426,0.478377344,0.574052813,10.90555134,0,46344,15.9,13.4,32,10613
"2128",39169,"OH","Wayne",16.23144693,0.242346608,0.585272316,0.614521755,0.536624631,13.7918164,0,52717,11.3,12.3,30.3,114520
"521",13271,"GA","Telfair",2.29981566,0.242160068,1.435431673,0.423780119,0.302700085,16.41494763,0,31149,34.7,12.3,30.9,16500
"683",17175,"IL","Stark",30.02026271,0.172028213,0.995498615,0,0.344056425,14.36481192,1,50083,12.7,12.2,30.2,5994
"2175",40087,"OK","McClain",9.638274001,0.0536006,0.835875429,0.670007772,0.589606839,15.51297406,1,56700,10.7,11.1,31.5,34506
"707",18019,"IN","Clark",21.93505957,0.105021792,0.801509941,0.74390436,0.638882568,10.90555134,1,51614,10.4,12.4,33.3,110232
"82",2164,"AK","Lake and Peninsula",99.85810052,0.613120785,5.441741357,0,0,11.55515478,0,42120,19.3,7.4,31.9,7459
"1796",35001,"NM","Bernalillo",19.5232177,0.111020485,0.588297858,0.825992412,0.626155538,22.76369944,1,47870,19,7.4,21.5,662564
"1118",22009,"LA","Avoyelles",18.98004765,0.243042897,1.651790419,0.388868635,0.267347187,19.48120605,0,34803,25.3,14.2,37,42073
"299",8107,"CO","Routt",22.34942416,0.377121307,0.52742616,1.047559187,2.891263356,8.549519948,0,70989,8.9,4.1,14.3,23509
"1090",21193,"KY","Perry",2.442596297,0.289886582,1.703665777,0.760952277,0.688480632,14.4939772,0,31740,28.5,14.5,37,28712
"2606",48165,"TX","Gaines",3.213600462,0.154440154,0.659244067,0.617760618,0.617760618,13.51433657,0,53297,13.3,8.9,30.6,17526
"1057",21127,"KY","Lawrence",15.79058829,0.189825361,1.292315451,0.506200962,0.316375601,14.4939772,0,36276,25,17.7,42.2,15860
"862",19145,"IA","Page",23.85096972,0.258131131,0.822991792,0.516262261,0.903458957,12.08335234,0,46870,15.7,12,35.3,15932
"2636",48225,"TX","Houston",39.36044797,0.13192032,0.95953825,0.4397344,0.571654721,13.51433657,0,37536,27,11.3,28.3,23732
"1397",27165,"MN","Watonwan",4.665870917,0.270684833,1.184146192,0.541369665,0.812054498,8.677720386,0,48044,11.3,7.9,26.9,11211
"2005",38029,"ND","Emmons",44.57268507,1.168907072,2.092050209,0.584453536,0.876680304,7.195442455,0,46952,13.9,11.3,30.9,3550
"993",20209,"KS","Wyandotte",26.57325867,0.167041996,0.869290102,0.64342102,0.501125987,8.597012543,1,41746,21.9,11.9,36.2,157505
"2870",51101,"VA","King William",10.92973688,0.18534536,0.821395045,0.432472507,0.864945014,9.731570193,1,64651,7.9,10.3,26.3,15935
"2099",39111,"OH","Monroe",5.721842539,0.069132389,1.067323481,0.414794331,0.622191497,13.7918164,0,41754,18.3,14.9,36.8,14642
"765",18135,"IN","Randolph",14.34828084,0.157579578,1.000053159,0.315159155,0.827292783,10.90555134,0,41315,18,14.2,35.6,26171
"2673",48299,"TX","Llano",31.04130138,0.153767299,0.933110696,0.973859559,0.768836494,13.51433657,0,46366,14.8,13.3,27,19301
"2077",39067,"OH","Harrison",2.404541473,0.257350576,1.116047124,0.450363508,0.900727015,13.7918164,0,44221,15.5,13.2,30.3,15864
"3013",54039,"WV","Kanawha",24.27958625,0.183994575,1.091327903,0.998827692,0.70969336,19.421201,1,44849,16.5,14.1,32.7,16372
"845",19111,"IA","Lee",19.76387806,0.19837896,0.910010111,0.538457178,0.935215099,12.08335234,0,45428,15.9,11.1,31.9,35862
"674",17157,"IL","Randolph",11.45849642,0.182542822,0.980963183,0.578052268,0.730171286,14.36481192,0,50129,14.3,10.1,27.7,33476
"890",20003,"KS","Anderson",22.31824335,0.380565774,0.638814361,0.507421033,1.014842065,8.597012543,0,47267,14,9.8,33.3,8102
"713",18031,"IN","Decatur",15.27376404,0.188508521,0.974384039,0.829437491,0.678630674,10.90555134,0,51625,13,14.7,32.7,25740
"2016",38051,"ND","McIntosh",19.89786238,0.714030703,1.129518072,0.357015352,1.785076758,7.195442455,0,48494,12.5,10.6,32.8,2809
"211",6049,"CA","Modoc",26.54026206,0.554139421,1.203335228,0.332483653,0.886623074,10.96172519,0,38402,20.3,10.4,23.2,9686
"1367",27105,"MN","Nobles",29.7329779,0.324224178,0.991700232,0.416859657,0.787401575,8.677720386,0,50100,12.9,7.8,28.8,21378
"2992",53075,"WA","Whitman",20.74156492,0.170841608,0.3411735,0.875563243,0.640656032,13.76915477,0,43817,20.8,6.6,22.9,243231
"2732",48417,"TX","Shackelford",14.38465464,0.299132516,0.904977376,0.598265031,0.897397547,13.51433657,0,51685,13.1,10.4,28.3,3378
"1933",37085,"NC","Harnett",8.757052439,0.157895568,0.684464004,0.615792715,0.418423255,15.44057095,0,48301,17.7,10.6,33.2,114678
"1239",26015,"MI","Barry",2.79781922,0.168688113,0.688139984,0.320507414,0.590408394,14.74092241,1,57665,9.3,9.6,31.2,59173
"2416",46109,"SD","Roberts",27.09638991,0.385579333,1.105151958,0.385579333,0.674763833,11.06436622,0,42744,20,12,32,2329
"272",8053,"CO","Hinsdale",11.775975,2.544529262,1.269035533,0,7.633587786,8.549519948,0,58613,10.9,6.6,20.5,843
"296",8101,"CO","Pueblo",36.87579372,0.105019305,0.704525313,0.599227799,0.796911197,8.549519948,1,40540,19.8,9.1,25.9,159063
"1683",31057,"NE","Dundy",33.26264259,0,0.546149645,0.530222694,1.060445387,9.12645062,0,45745,13.2,10.8,35.3,2008
"1716",31123,"NE","Morrill",50.72689631,0.617030029,1.235986352,1.439736734,0.822706705,9.12645062,0,49082,13.5,9.2,30.2,5042
"339",12039,"FL","Gadsden",8.560033479,0.21607139,1.249836978,0.410535641,0.302499946,15.6503653,1,36637,24.5,17.1,36.5,46389
"840",19101,"IA","Jefferson",12.2667167,0.115440115,0.6863829,0.634920635,1.038961039,12.08335234,0,43495,15.3,10.6,27.5,16843
"1177",22127,"LA","Winn",26.97057467,0.2713152,0.74197737,0.542630401,0.339144001,19.48120605,0,36173,24,12.5,37.7,15313
"2952",51820,"VA","Waynesboro",12.21276755,0.327623327,1.534396369,1.263689975,1.310493307,9.731570193,1,43500,16,9.5,29.7,14068
